batting_average,batting_strike_rate,ducks,fifties,highest_score,hundreds,innings_batted,last_played_year,matches_played,not_outs,player,playing_span,runs,start_year,team_name
0.0,0.0,0,0,,0,0,2008,6,0,P Amarnath,,0,2008,Chennai Super Kings
0.0,0.0,0,0,,0,0,2023,6,0,Akash Singh,,0,2023,Chennai Super Kings
23.69,136.26,4,3,93,0,40,2024,48,4,MM Ali,,853,2021,Chennai Super Kings
19.0,123.14,2,1,64,0,12,2013,19,5,S Anirudha,,133,2008,Chennai Super Kings
0.0,60.0,0,0,3,0,1,2010,1,1,KB Arun Karthik,,3,2010,Chennai Super Kings
9.5,94.05,3,0,23,0,31,2015,97,11,R Ashwin,,190,2009,Chennai Super Kings
0.0,0.0,0,0,,0,0,2021,3,0,KM Asif,,0,2018,Chennai Super Kings
0.0,0.0,0,0,,0,0,2014,4,0,S Badree,,0,2014,Chennai Super Kings
30.65,118.89,6,11,71,0,67,2013,95,20,S Badrinath,,1441,2008,Chennai Super Kings
21.0,95.45,0,0,30,0,3,2010,4,0,GJ Bailey,,63,2009,Chennai Super Kings
3.66,64.7,3,0,15,0,8,2010,29,2,L Balaji,,22,2008,Chennai Super Kings
12.0,131.7,2,1,56,0,9,2019,11,0,SW Billings,,108,2018,Chennai Super Kings
21.0,91.3,0,0,16,0,4,2012,27,3,DE Bollinger,,21,2010,Chennai Super Kings
25.1,137.15,4,2,68,0,75,2022,116,35,DJ Bravo,,1004,2011,Chennai Super Kings
11.0,124.52,3,0,39,0,12,2024,76,6,DL Chahar,,66,2018,Chennai Super Kings
0.0,0.0,0,0,,0,0,2020,7,0,PP Chawla,,0,2020,Chennai Super Kings
48.63,141.28,2,9,92,0,22,2023,23,3,DP Conway,,924,2022,Chennai Super Kings
22.0,142.35,2,1,52,0,15,2021,23,4,SM Curran,,242,2020,Chennai Super Kings
0.0,0.0,0,0,0,0,2,2024,31,2,TU Deshpande,,0,2022,Chennai Super Kings
40.25,139.28,6,22,84,0,202,2024,234,86,MS Dhoni,,4669,2008,Chennai Super Kings
34.46,159.16,3,8,95,0,39,2024,41,7,S Dube,,1103,2022,Chennai Super Kings
35.33,131.44,5,20,96,0,86,2021,92,9,F du Plessis,,2721,2012,Chennai Super Kings
21.77,118.78,1,0,45,0,10,2008,10,1,SP Fleming,,196,2008,Chennai Super Kings
31.0,116.98,0,0,24,0,3,2009,3,1,A Flintoff,,62,2009,Chennai Super Kings
41.75,136.86,6,18,108,2,65,2024,66,8,RD Gaikwad,,2380,2020,Chennai Super Kings
8.66,96.29,1,0,20,0,3,2017,3,0,MA Agarwal,,26,2017,Rising Pune Supergiants
0.0,0.0,0,0,0,0,1,2010,1,1,C Ganapathy,,0,2010,Chennai Super Kings
28.0,155.55,0,0,25,0,2,2017,4,1,Ankit Sharma,,28,2016,Rising Pune Supergiants
0.0,0.0,1,0,0,0,1,2016,10,0,M Ashwin,,0,2016,Rising Pune Supergiants
41.5,153.7,1,1,58,0,4,2024,4,2,Arshad Khan,,83,2024,Lucknow Super Giants
0.0,100.0,0,0,2,0,1,2024,2,1,RJ Gleeson,,2,2024,Chennai Super Kings
12.5,138.88,0,0,15,0,9,2010,26,5,MS Gony,,50,2008,Chennai Super Kings
20.5,107.89,1,0,29,0,6,2016,14,4,R Ashwin,,41,2016,Rising Pune Supergiants
21.0,85.71,1,0,34,0,5,2016,6,1,GJ Bailey,,84,2016,Rising Pune Supergiants
22.0,157.14,0,0,12,0,5,2023,22,4,Avesh Khan,,22,2022,Lucknow Super Giants
0.0,0.0,0,0,,0,0,2023,2,0,RS Hangargekar,,0,2023,Chennai Super Kings
7.5,76.92,0,0,19,0,4,2019,24,0,Harbhajan Singh,,30,2018,Chennai Super Kings
25.0,135.13,0,0,21,0,8,2017,13,6,R Bhatia,,50,2016,Rising Pune Supergiants
0.0,0.0,0,0,,0,0,2016,2,0,SM Boland,,0,2016,Rising Pune Supergiants
24.38,134.03,2,4,59,0,35,2024,42,9,A Badoni,,634,2022,Lucknow Super Giants
7.0,140.0,0,0,7,0,1,2022,1,0,SA Abbott,,7,2022,Sunrisers Hyderabad
0.0,0.0,0,0,,0,0,2014,1,0,JW Hastings,,0,2014,Chennai Super Kings
36.9,137.51,1,8,93,0,32,2010,32,2,ML Hayden,,1107,2008,Chennai Super Kings
14.0,233.33,0,0,14,0,1,2017,5,0,DL Chahar,,14,2016,Rising Pune Supergiants
0.0,150.0,0,0,3,0,1,2017,3,1,RD Chahar,,3,2017,Rising Pune Supergiants
10.75,153.57,2,0,17,0,8,2022,12,4,PVD Chameera,,43,2022,Lucknow Super Giants
31.06,143.24,1,7,140,1,30,2024,30,1,Q de Kock,,901,2022,Lucknow Super Giants
19.23,146.07,3,0,37,0,40,2024,50,10,Abdul Samad,,577,2020,Sunrisers Hyderabad
24.79,153.86,2,7,75,0,58,2024,60,5,Abhishek Sharma,,1314,2019,Sunrisers Hyderabad
0.0,0.0,0,0,,0,0,2021,12,0,JR Hazlewood,,0,2020,Chennai Super Kings
0.0,0.0,0,0,0,0,1,2014,17,1,BW Hilfenhaus,,0,2012,Chennai Super Kings
15.8,161.22,0,0,17,0,9,2017,13,4,DT Christian,,79,2017,Rising Pune Supergiants
12.2,160.52,1,0,23,0,8,2024,12,3,K Gowtham,,61,2022,Lucknow Super Giants
0.0,0.0,0,0,,0,0,2024,4,0,MJ Henry,,0,2024,Lucknow Super Giants
23.85,125.09,0,1,83,0,14,2024,14,0,MA Agarwal,,334,2023,Sunrisers Hyderabad
0.33,20.0,2,0,1,0,3,2021,24,0,KK Ahmed,,1,2018,Sunrisers Hyderabad
0.0,0.0,0,0,,0,0,2013,6,0,JO Holder,,0,2013,Chennai Super Kings
58.0,123.4,0,1,50,0,4,2014,5,2,DJ Hussey,,116,2014,Chennai Super Kings
31.88,124.78,0,2,64,0,27,2017,30,9,MS Dhoni,,574,2016,Rising Pune Supergiants
7.0,100.0,0,0,7,0,1,2017,12,0,AB Dinda,,7,2016,Rising Pune Supergiants
9.66,131.81,0,0,16,0,8,2022,12,2,JO Holder,,58,2022,Lucknow Super Giants
20.6,129.52,1,5,59,0,35,2024,38,2,DJ Hooda,,680,2022,Lucknow Super Giants
0.0,0.0,0,0,,0,0,2013,2,0,Anand Rajan,,0,2013,Sunrisers Hyderabad
3.0,60.0,0,0,3,0,1,2014,1,0,S Anirudha,,3,2014,Sunrisers Hyderabad
7.2,98.63,3,0,18,0,14,2023,26,4,PW Hasaranga,,72,2021,Royal Challengers Bangalore
4.0,23.52,0,0,3,0,3,2020,8,2,VR Aaron,,4,2019,Rajasthan Royals
0.0,0.0,1,0,0,0,2,2010,5,1,S Ladda,,0,2010,Delhi Daredevils
42.09,123.63,1,13,116,1,49,2015,50,7,MEK Hussey,,1768,2008,Chennai Super Kings
0.0,125.0,0,0,13,0,3,2021,27,3,Imran Tahir,,15,2018,Chennai Super Kings
30.57,126.62,0,2,69,0,7,2017,8,0,F du Plessis,,214,2016,Rising Pune Supergiants
0.0,100.0,0,0,1,0,1,2017,4,1,LH Ferguson,,1,2017,Rising Pune Supergiants
0.0,0.0,0,0,,0,0,2024,1,0,S Joseph,,0,2024,Lucknow Super Giants
4.5,112.5,1,0,9,0,2,2024,2,0,AA Kulkarni,,9,2024,Lucknow Super Giants
0.0,0.0,0,0,,0,0,2013,1,0,Ankit Sharma,,0,2013,Sunrisers Hyderabad
18.33,125.0,1,0,36,0,6,2024,6,0,Anmolpreet Singh,,110,2023,Sunrisers Hyderabad
41.0,110.81,0,0,17,0,5,2016,24,4,VR Aaron,,41,2014,Royal Challengers Bangalore
7.5,115.38,0,0,14,0,2,2015,2,0,SA Abbott,,15,2015,Royal Challengers Bangalore
0.0,100.0,0,0,1,0,1,2023,1,1,Abdul Basith,,1,2023,Rajasthan Royals
0.0,0.0,0,0,,0,0,2021,1,0,Akash Singh,,0,2021,Rajasthan Royals
0.0,100.0,0,0,12,0,1,2017,1,1,AR Bawne,,12,2017,Delhi Daredevils
0.5,12.5,1,0,1,0,3,2012,12,1,VR Aaron,,1,2011,Delhi Daredevils
0.0,0.0,0,0,,0,0,2012,6,0,Anand Rajan,,0,2011,Deccan Chargers
13.0,144.44,0,0,13,0,1,2011,1,0,B Akhil,,13,2011,Kochi Tuskers Kerala
19.0,111.76,0,0,19,0,1,2011,2,0,Y Gnaneswara Rao,,19,2011,Kochi Tuskers Kerala
27.89,136.18,5,3,62,0,125,2024,172,57,RA Jadeja,,1897,2012,Chennai Super Kings
20.66,96.49,1,1,58,0,18,2020,23,6,KM Jadhav,,248,2018,Chennai Super Kings
6.0,50.0,0,0,6,0,1,2016,2,0,PSP Handscomb,,6,2016,Rising Pune Supergiants
0.0,0.0,0,0,0,0,1,2017,12,1,Imran Tahir,,0,2017,Rising Pune Supergiants
24.33,130.35,0,1,55,0,5,2022,6,2,E Lewis,,73,2022,Lucknow Super Giants
22.27,149.39,0,0,36,0,18,2016,22,7,A Ashish Reddy,,245,2013,Sunrisers Hyderabad
0.0,0.0,0,0,0,0,1,2008,1,1,Abdur Razzak,,0,2008,Royal Challengers Bangalore
13.66,113.88,1,0,30,0,4,2018,8,1,Ankit Sharma,,41,2014,Rajasthan Royals
0.0,0.0,1,0,0,0,1,2021,2,0,Anuj Rawat,,0,2021,Rajasthan Royals
63.0,190.9,0,0,46,0,3,2018,3,2,Abhishek Sharma,,63,2018,Delhi Daredevils
15.75,95.45,1,0,40,0,4,2010,5,0,Anirudh Singh,,63,2010,Deccan Chargers
9.2,92.0,3,0,26,0,8,2011,11,3,RV Gomez,,46,2011,Kochi Tuskers Kerala
24.33,110.6,1,0,39,0,4,2022,7,1,N Jagadeesan,,73,2020,Chennai Super Kings
21.16,127.0,0,0,30,0,6,2016,6,0,UT Khawaja,,127,2016,Rising Pune Supergiants
7.0,63.63,0,0,7,0,1,2016,3,0,MR Marsh,,7,2016,Rising Pune Supergiants
31.0,129.16,1,1,64,0,5,2023,5,2,PN Mankad,,93,2023,Lucknow Super Giants
41.52,142.19,2,7,114,1,28,2021,28,3,JM Bairstow,,1038,2019,Sunrisers Hyderabad
4.0,57.14,0,0,3,0,3,2020,8,2,Basil Thampi,,4,2018,Sunrisers Hyderabad
12.2,107.01,0,0,24,0,5,2019,8,0,AD Nath,,61,2019,Royal Challengers Bangalore
18.82,127.35,1,1,64,0,24,2013,29,1,MA Agarwal,,433,2011,Royal Challengers Bangalore
0.0,75.0,0,0,3,0,1,2018,3,1,Anureet Singh,,3,2018,Rajasthan Royals
15.0,157.25,3,0,27,0,23,2020,35,10,JC Archer,,195,2018,Rajasthan Royals
25.71,152.54,1,2,65,0,16,2024,18,2,Abishek Porel,,360,2023,Delhi Daredevils
9.5,86.36,1,0,9,0,5,2013,15,3,AB Agarkar,,19,2011,Delhi Daredevils
6.0,138.46,0,0,15,0,4,2012,9,1,Ankit Sharma,,18,2012,Deccan Chargers
8.75,120.68,0,0,10,0,5,2012,9,1,A Ashish Reddy,,35,2012,Deccan Chargers
35.62,120.76,1,1,51,0,14,2011,14,6,BJ Hodge,,285,2011,Kochi Tuskers Kerala
31.44,124.12,0,0,47,0,12,2011,14,3,RA Jadeja,,283,2011,Kochi Tuskers Kerala
0.0,110.0,0,0,18,0,2,2013,10,2,AN Ahmed,,22,2010,Mumbai Indians
0.0,0.0,0,0,,0,0,2013,3,0,S Ladda,,0,2011,Kolkata Knight Riders
4.0,40.0,0,0,4,0,2,2017,6,1,VR Aaron,,4,2017,Kings XI Punjab
0.0,0.0,0,0,,0,0,2022,2,0,VR Aaron,,0,2022,Gujarat Titans
7.0,50.0,0,0,7,0,1,2013,2,0,UA Birla,,7,2013,Pune Warriors
0.0,0.0,0,0,,0,0,2016,1,0,S Ladda,,0,2016,Gujarat Lions
27.0,100.0,0,0,13,0,7,2012,50,6,SB Jakati,,27,2009,Chennai Super Kings
9.0,120.0,2,0,16,0,6,2011,16,2,Joginder Sharma,,36,2008,Chennai Super Kings
16.0,177.77,0,0,16,0,1,2016,2,0,JA Morkel,,16,2016,Rising Pune Supergiants
3.66,84.61,0,0,7,0,3,2016,4,0,IK Pathan,,11,2016,Rising Pune Supergiants
29.15,144.1,2,4,73,0,13,2023,13,0,KR Mayers,,379,2023,Lucknow Super Giants
19.0,63.33,0,0,19,0,1,2024,8,0,A Mishra,,19,2023,Lucknow Super Giants
3.5,41.17,1,0,7,0,2,2019,2,0,RK Bhui,,7,2018,Sunrisers Hyderabad
20.75,162.74,0,0,27,0,8,2017,18,4,Bipul Sharma,,83,2015,Sunrisers Hyderabad
14.0,233.33,0,0,5,0,4,2015,7,3,AN Ahmed,,14,2014,Royal Challengers Bangalore
9.5,158.33,1,0,17,0,3,2024,8,1,Akash Deep,,19,2022,Royal Challengers Bangalore
0.0,0.0,0,0,,0,0,2023,2,0,M Ashwin,,0,2023,Rajasthan Royals
18.1,132.3,3,1,50,0,31,2024,45,12,R Ashwin,,344,2022,Rajasthan Royals
17.75,121.16,1,2,68,0,21,2016,21,1,MA Agarwal,,355,2014,Delhi Daredevils
0.0,0.0,2,0,0,0,2,2024,33,0,KK Ahmed,,0,2022,Delhi Daredevils
7.83,95.91,1,0,17,0,7,2008,11,1,SB Bangar,,47,2008,Deccan Chargers
13.8,81.17,0,0,22,0,7,2010,7,2,AA Bilakhia,,69,2009,Deccan Chargers
6.0,78.26,1,0,12,0,4,2011,6,1,KM Jadhav,,18,2011,Kochi Tuskers Kerala
23.0,116.34,0,3,76,0,13,2011,13,0,DPMD Jayawardene,,299,2011,Kochi Tuskers Kerala
8.0,114.28,0,0,8,0,1,2022,1,0,FA Allen,,8,2022,Mumbai Indians
31.58,136.33,0,3,95,0,15,2015,16,3,CJ Anderson,,379,2014,Mumbai Indians
20.0,121.21,0,0,39,0,17,2010,27,9,AB Agarkar,,160,2008,Kolkata Knight Riders
5.0,166.66,0,0,5,0,1,2022,1,0,Aman Hakim Khan,,5,2022,Kolkata Knight Riders
13.0,162.5,1,0,12,0,3,2016,5,2,KJ Abbott,,13,2016,Kings XI Punjab
0.0,0.0,0,0,0,0,1,2010,11,1,YA Abdulla,,0,2009,Kings XI Punjab
10.5,127.27,0,0,17,0,4,2024,7,0,Azmatullah Omarzai,,42,2024,Gujarat Titans
2.5,125.0,1,0,5,0,3,2022,13,1,LH Ferguson,,5,2022,Gujarat Titans
16.33,104.25,0,0,41,0,6,2012,6,0,MJ Clarke,,98,2012,Pune Warriors
3.66,68.75,2,0,6,0,6,2013,20,3,AB Dinda,,11,2012,Pune Warriors
5.0,71.42,1,0,12,0,4,2017,5,0,AD Nath,,20,2016,Gujarat Lions
0.0,0.0,0,0,,0,0,2017,1,0,SS Agarwal,,0,2017,Gujarat Lions
11.0,137.5,0,0,6,0,2,2022,4,1,CJ Jordan,,11,2022,Chennai Super Kings
2.0,50.0,0,0,2,0,1,2011,8,0,S Randiv,,2,2011,Chennai Super Kings
21.42,161.29,0,0,34,0,10,2016,12,3,NLTC Perera,,150,2016,Rising Pune Supergiants
36.5,119.67,0,0,37,0,4,2016,4,2,KP Pietersen,,73,2016,Rising Pune Supergiants
8.33,104.16,1,0,13,0,5,2024,24,2,Mohsin Khan,,25,2022,Lucknow Super Giants
29.0,120.83,1,0,41,0,8,2015,9,3,RS Bopara,,145,2015,Sunrisers Hyderabad
0.0,0.0,0,0,,0,0,2016,8,0,TA Boult,,0,2015,Sunrisers Hyderabad
12.6,136.95,2,0,27,0,10,2010,14,5,B Akhil,,63,2008,Royal Challengers Bangalore
20.6,158.46,1,3,66,0,17,2020,19,2,MM Ali,,309,2018,Royal Challengers Bangalore
0.0,0.0,1,0,0,0,1,2023,4,0,KM Asif,,0,2023,Rajasthan Royals
21.15,124.77,3,2,60,0,20,2011,20,0,SA Asnodkar,,423,2008,Rajasthan Royals
13.75,108.91,1,1,51,0,9,2023,11,1,Aman Hakim Khan,,110,2023,Delhi Daredevils
20.28,115.44,1,0,41,0,11,2017,11,4,CJ Anderson,,142,2017,Delhi Daredevils
22.18,119.02,0,1,61,0,17,2012,19,6,B Chipli,,244,2011,Deccan Chargers
20.93,120.93,1,0,39,0,20,2012,21,4,DT Christian,,335,2011,Deccan Chargers
18.25,94.8,0,0,29,0,4,2011,4,0,M Klinger,,73,2011,Kochi Tuskers Kerala
14.66,104.76,1,0,36,0,3,2011,3,0,VVS Laxman,,44,2011,Kochi Tuskers Kerala
9.66,107.4,0,0,16,0,3,2022,3,0,Anmolpreet Singh,,29,2021,Mumbai Indians
0.0,100.0,0,0,3,0,2,2023,5,2,JC Archer,,4,2023,Mumbai Indians
0.0,0.0,0,0,,0,0,2009,3,0,Anureet Singh,,0,2009,Kolkata Knight Riders
0.0,133.33,0,0,2,0,4,2024,15,4,VG Arora,,4,2023,Kolkata Knight Riders
0.0,0.0,0,0,0,0,1,2011,3,1,L Ablish,,0,2010,Kings XI Punjab
9.0,69.23,0,0,9,0,1,2018,1,0,AD Nath,,9,2018,Kings XI Punjab
0.0,85.71,0,0,5,0,3,2024,5,3,SH Johnson,,6,2024,Gujarat Titans
12.0,63.15,1,0,7,0,5,2023,16,4,AS Joseph,,12,2022,Gujarat Titans
0.0,0.0,0,0,,0,0,2011,1,0,JP Faulkner,,0,2011,Pune Warriors
16.33,83.76,0,0,23,0,8,2012,9,2,CJ Ferguson,,98,2011,Pune Warriors
3.5,77.77,2,0,7,0,3,2017,7,1,Ankit Soni,,7,2017,Gujarat Lions
0.0,100.0,0,0,13,0,5,2017,12,5,Basil Thampi,,28,2017,Gujarat Lions
5.33,69.56,1,0,8,0,3,2008,5,0,CK Kapugedera,,16,2008,Chennai Super Kings
33.15,122.79,4,8,74,0,30,2017,30,4,AM Rahane,,862,2016,Rising Pune Supergiants
18.0,72.0,0,0,13,0,6,2024,18,5,Naveen-ul-Haq,,18,2023,Lucknow Super Giants
25.0,156.25,0,0,43,0,4,2018,4,1,CR Brathwaite,,75,2018,Sunrisers Hyderabad
5.66,77.27,1,0,15,0,3,2018,3,0,CJ Anderson,,17,2018,Royal Challengers Bangalore
0.0,200.0,0,0,7,0,3,2024,16,3,Avesh Khan,,10,2024,Rajasthan Royals
13.5,106.57,0,0,20,0,11,2021,28,5,R Ashwin,,81,2020,Delhi Daredevils
9.0,150.0,0,0,5,0,2,2021,24,1,Avesh Khan,,9,2018,Delhi Daredevils
2.0,40.0,0,0,2,0,1,2008,1,0,H Das,,2,2008,Deccan Chargers
0.0,0.0,0,0,,0,0,2011,1,0,KH Devdhar,,0,2011,Deccan Chargers
27.46,129.81,2,1,81,0,13,2011,13,0,BB McCullum,,357,2011,Kochi Tuskers Kerala
0.0,62.5,0,0,5,0,1,2011,5,1,M Muralidaran,,5,2011,Kochi Tuskers Kerala
9.0,120.0,0,0,15,0,3,2023,6,1,Arshad Khan,,18,2023,Mumbai Indians
4.0,85.71,1,0,6,0,5,2022,8,2,M Ashwin,,12,2022,Mumbai Indians
6.0,85.71,0,0,6,0,1,2015,1,0,Azhar Mahmood,,6,2015,Kolkata Knight Riders
13.0,108.33,1,0,9,0,5,2013,35,4,L Balaji,,13,2011,Kolkata Knight Riders
26.54,141.0,4,9,106,1,59,2022,60,2,MA Agarwal,,1513,2018,Kings XI Punjab
6.0,50.0,0,0,6,0,3,2021,4,2,FA Allen,,6,2021,Kings XI Punjab
0.0,0.0,0,0,,0,0,2024,1,0,Kartik Tyagi,,0,2024,Gujarat Titans
0.0,0.0,0,0,,0,0,2024,11,0,JB Little,,0,2023,Gujarat Titans
32.57,135.71,1,4,67,0,14,2013,14,0,AJ Finch,,456,2013,Pune Warriors
18.7,96.36,1,0,45,0,18,2012,19,1,SC Ganguly,,318,2011,Pune Warriors
12.37,120.73,1,0,22,0,13,2016,15,5,DJ Bravo,,99,2016,Gujarat Lions
12.0,171.42,0,0,19,0,2,2016,4,0,ER Dwivedi,,24,2016,Gujarat Lions
13.0,108.33,0,0,22,0,2,2010,5,0,JM Kemp,,26,2010,Chennai Super Kings
0.0,0.0,0,0,,0,0,2019,2,0,SC Kuggeleijn,,0,2019,Chennai Super Kings
0.0,0.0,0,0,0,0,1,2016,4,1,I Sharma,,0,2016,Rising Pune Supergiants
0.0,0.0,0,0,,0,0,2016,4,0,RP Singh,,0,2016,Rising Pune Supergiants
5.42,71.69,2,0,13,0,7,2024,7,0,D Padikkal,,38,2024,Lucknow Super Giants
14.66,110.0,0,0,38,0,6,2022,6,0,MK Pandey,,88,2022,Lucknow Super Giants
21.11,123.37,3,0,100,1,11,2023,11,2,HC Brook,,190,2023,Sunrisers Hyderabad
22.66,143.15,0,0,35,0,10,2024,16,4,PJ Cummins,,136,2024,Sunrisers Hyderabad
21.2,119.54,3,1,66,0,20,2024,22,5,Anuj Rawat,,318,2022,Royal Challengers Bangalore
2.0,50.0,0,0,1,0,3,2012,14,2,KP Appanna,,2,2009,Royal Challengers Bangalore
0.0,0.0,0,0,,0,0,2013,1,0,S Badree,,0,2013,Rajasthan Royals
11.16,124.07,1,0,23,0,8,2015,14,2,R Bhatia,,67,2014,Rajasthan Royals
4.0,114.28,1,0,8,0,2,2022,2,0,KS Bharat,,8,2022,Delhi Daredevils
6.6,104.76,2,0,21,0,11,2010,22,1,R Bhatia,,66,2008,Delhi Daredevils
37.26,129.37,0,7,95,0,29,2012,29,3,S Dhawan,,969,2011,Deccan Chargers
34.53,123.35,0,3,74,0,19,2012,19,6,JP Duminy,,449,2011,Deccan Chargers
0.0,100.0,0,0,1,0,1,2011,5,1,P Parameswaran,,1,2011,Kochi Tuskers Kerala
0.0,0.0,0,0,,0,0,2022,5,0,Basil Thampi,,0,2022,Mumbai Indians
0.0,66.66,0,0,3,0,2,2023,17,2,JP Behrendorff,,6,2019,Mumbai Indians
2.0,22.22,0,0,2,0,1,2009,1,0,SB Bangar,,2,2009,Kolkata Knight Riders
9.0,90.0,0,0,10,0,2,2020,2,0,T Banton,,18,2020,Kolkata Knight Riders
44.38,141.76,2,3,104,2,16,2017,16,3,HM Amla,,577,2016,Kings XI Punjab
8.25,76.74,2,0,15,0,7,2017,17,3,Anureet Singh,,33,2015,Kings XI Punjab
16.5,132.75,1,0,43,0,15,2024,19,1,A Manohar,,231,2022,Gujarat Titans
45.23,145.25,1,3,94,0,38,2024,41,17,DA Miller,,950,2022,Gujarat Titans
0.0,400.0,0,0,4,0,1,2013,2,1,RV Gomez,,4,2013,Pune Warriors
10.0,76.92,0,0,13,0,3,2012,3,1,Harpreet Singh,,20,2011,Pune Warriors
18.71,112.93,0,0,32,0,11,2017,15,4,JP Faulkner,,131,2016,Gujarat Lions
31.45,144.46,3,7,74,0,25,2017,26,3,AJ Finch,,692,2016,Gujarat Lions
0.0,166.66,0,0,5,0,1,2012,6,1,KMDN Kulasekara,,5,2011,Chennai Super Kings
4.0,44.44,1,0,4,0,2,2013,2,1,B Laughlin,,4,2013,Chennai Super Kings
41.22,131.79,0,3,101,1,22,2017,23,4,SPD Smith,,742,2016,Rising Pune Supergiants
31.6,142.98,0,1,103,1,11,2017,12,1,BA Stokes,,316,2017,Rising Pune Supergiants
21.91,121.44,4,0,49,0,39,2024,43,16,KH Pandya,,504,2022,Lucknow Super Giants
42.85,175.97,3,5,75,0,29,2024,29,9,N Pooran,,857,2023,Lucknow Super Giants
29.0,193.33,1,0,39,0,7,2017,8,3,BCJ Cutting,,116,2016,Sunrisers Hyderabad
0.0,0.0,0,0,,0,0,2023,3,0,MJ Dagar,,0,2023,Sunrisers Hyderabad
14.75,103.5,2,0,14,0,12,2017,38,8,S Aravind,,59,2011,Royal Challengers Bangalore
9.6,104.34,1,0,19,0,7,2013,16,2,KB Arun Karthik,,48,2011,Royal Challengers Bangalore
20.3,129.84,7,0,48,0,54,2019,72,18,STR Binny,,731,2011,Rajasthan Royals
30.45,114.72,0,1,67,0,19,2012,24,8,J Botha,,335,2009,Rajasthan Royals
1.5,33.33,1,0,3,0,2,2024,2,0,RK Bhui,,3,2024,Delhi Daredevils
22.6,134.52,1,2,55,0,10,2017,11,0,SW Billings,,226,2016,Delhi Daredevils
4.0,80.0,0,0,3,0,2,2009,6,1,FH Edwards,,4,2009,Deccan Chargers
26.83,111.96,4,5,69,0,33,2010,33,3,HH Gibbs,,805,2008,Deccan Chargers
20.2,110.38,2,0,37,0,13,2011,14,3,PA Patel,,202,2011,Kochi Tuskers Kerala
11.5,85.18,0,0,22,0,2,2011,4,0,NLTC Perera,,23,2011,Kochi Tuskers Kerala
8.0,160.0,0,0,8,0,1,2010,1,0,STR Binny,,8,2010,Mumbai Indians
17.14,133.33,1,1,51,0,7,2012,7,0,AC Blizzard,,120,2011,Mumbai Indians
13.25,122.3,0,0,26,0,22,2013,46,10,R Bhatia,,159,2011,Kolkata Knight Riders
2.5,38.46,1,0,2,0,4,2022,5,2,VG Arora,,5,2022,Kings XI Punjab
2.5,83.33,1,0,5,0,2,2023,33,0,Mohammed Shami,,5,2022,Gujarat Titans
6.0,100.0,1,0,12,0,2,2024,6,0,DG Nalkande,,12,2022,Gujarat Titans
5.0,55.55,1,0,10,0,2,2011,3,0,AA Jhunjhunwala,,10,2011,Pune Warriors
0.0,0.0,0,0,,0,0,2011,1,0,Kamran Khan,,0,2011,Pune Warriors
0.0,0.0,0,0,,0,0,2017,1,0,MS Gony,,0,2017,Gujarat Lions
21.26,129.14,1,1,61,0,15,2017,16,0,Ishan Kishan,,319,2016,Gujarat Lions
32.34,137.19,0,5,100,1,28,2015,28,2,BB McCullum,,841,2014,Chennai Super Kings
0.0,0.0,0,0,,0,0,2023,2,0,SSB Magala,,0,2023,Chennai Super Kings
0.0,0.0,3,0,0,0,3,2017,12,0,SN Thakur,,0,2017,Rising Pune Supergiants
32.4,137.28,1,2,60,0,13,2017,15,3,MK Tiwary,,324,2017,Rising Pune Supergiants
41.47,130.67,3,10,103,2,38,2024,38,4,KL Rahul,,1410,2022,Lucknow Super Giants
4.0,70.58,1,0,5,0,11,2024,43,5,Ravi Bishnoi,,24,2022,Lucknow Super Giants
2.0,40.0,1,0,4,0,3,2013,3,0,Q de Kock,,6,2013,Sunrisers Hyderabad
34.49,124.28,3,19,92,0,85,2018,85,12,S Dhawan,,2518,2013,Sunrisers Hyderabad
7.66,100.0,1,0,22,0,3,2008,3,0,J Arunkumar,,23,2008,Royal Challengers Bangalore
1.0,50.0,0,0,1,0,1,2018,2,0,M Ashwin,,1,2018,Royal Challengers Bangalore
14.0,118.64,1,0,17,0,17,2024,42,12,TA Boult,,70,2022,Rajasthan Royals
0.0,0.0,0,0,,0,0,2024,6,0,N Burger,,0,2024,Rajasthan Royals
15.0,129.31,0,0,27,0,5,2011,5,0,TR Birt,,75,2011,Delhi Daredevils
7.16,82.69,0,0,23,0,6,2013,6,0,J Botha,,43,2013,Delhi Daredevils
27.11,147.34,4,7,109,1,46,2010,46,1,AC Gilchrist,,1220,2008,Deccan Chargers
2.0,40.0,1,0,4,0,3,2012,9,1,MS Gony,,4,2011,Deccan Chargers
11.0,84.61,1,0,8,0,3,2011,5,2,RR Powar,,11,2011,Kochi Tuskers Kerala
0.0,0.0,0,0,,0,0,2011,1,0,P Prasanth,,0,2011,Kochi Tuskers Kerala
1.0,20.0,1,0,1,0,5,2021,29,4,TA Boult,,1,2020,Mumbai Indians
24.14,122.46,0,0,36,0,8,2022,8,1,SW Billings,,169,2022,Kolkata Knight Riders
5.8,72.5,3,0,10,0,12,2024,65,7,Arshdeep Singh,,29,2019,Kings XI Punjab
3.25,72.22,1,0,7,0,7,2024,23,3,Noor Ahmad,,13,2023,Gujarat Titans
38.0,105.55,0,0,14,0,7,2012,17,6,M Kartik,,38,2011,Pune Warriors
9.3,83.03,1,0,24,0,19,2013,31,9,B Kumar,,93,2011,Pune Warriors
26.84,120.34,1,0,36,0,25,2017,27,12,RA Jadeja,,349,2016,Gujarat Lions
0.0,50.0,0,0,1,0,1,2017,8,1,SB Jakati,,1,2016,Gujarat Lions
0.0,0.0,0,0,,0,0,2012,5,0,VY Mahesh,,0,2012,Chennai Super Kings
17.5,152.17,0,0,13,0,5,2014,12,3,M Manhas,,35,2014,Chennai Super Kings
24.28,120.56,0,2,57,0,8,2016,10,1,SS Tiwary,,170,2016,Rising Pune Supergiants
27.92,146.44,1,2,93,0,14,2017,14,0,RA Tripathi,,391,2017,Rising Pune Supergiants
5.33,64.0,0,0,9,0,3,2023,3,0,KS Sharma,,16,2022,Lucknow Super Giants
0.0,0.0,1,0,0,0,1,2023,1,0,R Shepherd,,0,2023,Lucknow Super Giants
0.0,23.07,0,0,2,0,2,2023,7,2,Fazalhaq Farooqi,,3,2022,Sunrisers Hyderabad
28.09,117.49,0,2,88,0,13,2014,13,2,AJ Finch,,309,2014,Sunrisers Hyderabad
0.0,0.0,0,0,,0,0,2017,1,0,Avesh Khan,,0,2017,Royal Challengers Bangalore
2.6,56.52,2,0,8,0,5,2017,7,0,S Badree,,13,2017,Royal Challengers Bangalore
41.84,147.79,6,18,124,7,82,2024,83,9,JC Buttler,,3055,2018,Rajasthan Royals
20.25,119.11,0,0,39,0,5,2009,5,1,LA Carseldine,,81,2009,Rajasthan Royals
3.5,116.66,1,0,6,0,4,2019,19,2,TA Boult,,7,2018,Delhi Daredevils
0.0,133.33,0,0,12,0,1,2012,1,1,DAJ Bracewell,,12,2012,Delhi Daredevils
0.0,0.0,2,0,0,0,3,2011,17,1,Harmeet Singh,,0,2009,Deccan Chargers
27.75,109.9,0,0,47,0,4,2012,4,0,DJ Harris,,111,2012,Deccan Chargers
13.0,173.33,0,0,23,0,2,2011,3,0,OA Shah,,26,2011,Kochi Tuskers Kerala
0.66,50.0,2,0,1,0,5,2011,14,2,RP Singh,,2,2011,Kochi Tuskers Kerala
21.76,117.17,0,3,70,0,25,2010,30,4,DJ Bravo,,457,2008,Mumbai Indians
20.88,109.91,2,3,92,0,27,2014,27,1,MS Bisla,,543,2011,Kolkata Knight Riders
1.0,50.0,0,0,1,0,1,2010,8,0,SE Bond,,1,2010,Kolkata Knight Riders
5.5,66.66,0,0,9,0,6,2021,22,2,M Ashwin,,22,2019,Kings XI Punjab
11.07,145.45,5,0,45,0,15,2019,28,2,R Ashwin,,144,2018,Kings XI Punjab
37.86,133.49,0,6,87,0,30,2023,31,8,HH Pandya,,833,2022,Gujarat Titans
24.84,184.57,6,1,79,0,25,2024,45,12,Rashid Khan,,323,2022,Gujarat Titans
26.0,118.18,0,0,15,0,2,2011,2,1,NL McCullum,,26,2011,Pune Warriors
21.75,114.47,0,0,31,0,4,2012,4,0,AP Majumdar,,87,2012,Pune Warriors
30.26,132.57,2,5,65,0,28,2017,30,5,KD Karthik,,696,2016,Gujarat Lions
0.0,0.0,1,0,0,0,2,2017,10,1,S Kaushik,,0,2016,Gujarat Lions
0.0,0.0,0,0,,0,0,2022,1,0,AF Milne,,0,2022,Chennai Super Kings
28.9,142.6,0,2,63,0,13,2024,13,2,DJ Mitchell,,318,2024,Chennai Super Kings
0.0,40.0,0,0,2,0,2,2017,12,2,JD Unadkat,,2,2017,Rising Pune Supergiants
0.0,0.0,0,0,,0,0,2024,3,0,M Siddharth,,0,2024,Lucknow Super Giants
15.68,115.13,2,1,51,0,17,2022,21,1,PK Garg,,251,2020,Sunrisers Hyderabad
0.0,128.57,0,0,9,0,1,2022,1,1,S Gopal,,9,2022,Sunrisers Hyderabad
38.2,122.43,0,1,78,0,7,2021,8,2,KS Bharat,,191,2021,Royal Challengers Bangalore
5.0,62.5,0,0,5,0,2,2024,46,1,YS Chahal,,5,2022,Rajasthan Royals
11.87,179.24,0,0,34,0,8,2017,10,0,CR Brathwaite,,95,2016,Delhi Daredevils
16.0,110.34,0,0,14,0,3,2020,3,1,AT Carey,,32,2020,Delhi Daredevils
13.2,115.78,0,0,15,0,10,2010,16,5,RJ Harris,,66,2009,Deccan Chargers
10.75,74.13,0,0,25,0,5,2012,5,1,IR Jaggi,,43,2011,Deccan Chargers
0.5,11.11,1,0,1,0,3,2011,9,1,S Sreesanth,,1,2011,Kochi Tuskers Kerala
23.0,133.72,1,0,49,0,10,2024,10,0,D Brevis,,230,2022,Mumbai Indians
9.71,87.17,5,0,16,0,30,2024,133,23,JJ Bumrah,,68,2013,Mumbai Indians
10.33,206.66,0,0,17,0,3,2015,4,0,J Botha,,31,2015,Kolkata Knight Riders
6.0,100.0,0,0,5,0,3,2011,4,2,MV Boucher,,6,2011,Kolkata Knight Riders
2.5,35.71,2,0,4,0,7,2014,33,5,P Awana,,5,2012,Kings XI Punjab
21.22,129.05,2,2,80,0,20,2013,22,2,Azhar Mahmood,,382,2012,Kings XI Punjab
23.54,124.65,3,5,81,0,37,2024,37,2,WP Saha,,824,2022,Gujarat Titans
47.0,139.16,0,6,103,1,25,2024,25,3,B Sai Sudharsan,,1034,2022,Gujarat Titans
17.64,104.66,4,0,42,0,19,2013,23,5,M Manhas,,247,2011,Pune Warriors
21.11,122.58,0,0,38,0,11,2013,14,2,MR Marsh,,190,2011,Pune Warriors
9.33,155.55,0,0,10,0,6,2017,20,3,DS Kulkarni,,28,2016,Gujarat Lions
6.4,91.42,1,0,15,0,9,2017,22,4,P Kumar,,32,2016,Gujarat Lions
0.0,0.0,0,0,,0,0,2020,1,0,Monu Kumar,,0,2020,Chennai Super Kings
0.0,100.0,0,0,2,0,1,2015,2,1,RG More,,2,2015,Chennai Super Kings
9.0,75.0,1,0,5,0,5,2017,11,4,Washington Sundar,,9,2017,Rising Pune Supergiants
2.5,62.5,1,0,5,0,2,2017,11,0,A Zampa,,5,2016,Rising Pune Supergiants
28.84,148.51,4,5,124,1,39,2024,40,6,MP Stoinis,,952,2022,Lucknow Super Giants
0.0,50.0,0,0,2,0,1,2023,2,1,Swapnil Singh,,2,2023,Lucknow Super Giants
10.4,118.18,2,0,35,0,5,2020,8,0,SP Goswami,,52,2018,Sunrisers Hyderabad
27.0,152.83,0,0,36,0,3,2019,3,0,MJ Guptill,,81,2019,Sunrisers Hyderabad
0.0,0.0,1,0,0,0,1,2012,1,0,RR Bhatkal,,0,2012,Royal Challengers Bangalore
15.66,122.6,0,0,21,0,13,2017,22,4,STR Binny,,141,2016,Royal Challengers Bangalore
2.0,22.22,0,0,2,0,1,2014,1,0,UBT Chand,,2,2014,Rajasthan Royals
0.0,57.14,0,0,4,0,2,2013,12,2,A Chandila,,4,2012,Rajasthan Royals
15.07,96.07,3,0,41,0,13,2013,13,0,UBT Chand,,196,2011,Delhi Daredevils
8.0,72.72,0,0,4,0,5,2010,8,4,Jaskaran Singh,,8,2009,Deccan Chargers
8.33,106.38,0,0,18,0,7,2011,13,1,R Vinay Kumar,,50,2011,Kochi Tuskers Kerala
25.09,145.98,1,1,77,0,24,2017,24,3,JC Buttler,,527,2016,Mumbai Indians
0.0,0.0,0,0,,0,0,2013,1,0,YS Chahal,,0,2013,Mumbai Indians
0.0,62.5,0,0,5,0,1,2017,6,1,TA Boult,,5,2017,Kolkata Knight Riders
5.5,110.0,0,0,6,0,2,2019,2,0,CR Brathwaite,,11,2019,Kolkata Knight Riders
25.8,135.78,0,2,61,0,29,2015,30,9,GJ Bailey,,516,2014,Kings XI Punjab
26.23,148.91,1,2,108,1,22,2024,22,1,JM Bairstow,,551,2022,Kings XI Punjab
13.0,216.66,0,0,13,0,2,2024,10,1,R Sai Kishore,,13,2022,Gujarat Titans
0.0,0.0,0,0,,0,0,2024,5,0,S Sandeep Warrier,,0,2024,Gujarat Titans
21.35,121.05,1,0,40,0,18,2013,20,4,AD Mathews,,299,2012,Pune Warriors
24.92,140.5,1,3,72,0,27,2017,27,0,BB McCullum,,673,2016,Gujarat Lions
23.62,144.83,3,2,71,0,59,2013,78,24,JA Morkel,,827,2008,Chennai Super Kings
7.0,87.5,1,0,7,0,6,2013,16,4,CH Morris,,14,2013,Chennai Super Kings
0.0,0.0,0,0,,0,0,2024,19,0,Yash Thakur,,0,2023,Lucknow Super Giants
10.5,116.66,0,0,16,0,2,2024,2,0,AJ Turner,,21,2024,Lucknow Super Giants
24.66,125.42,0,0,45,0,6,2018,6,0,AD Hales,,148,2018,Sunrisers Hyderabad
6.33,111.76,1,0,18,0,3,2009,3,0,R Bishnoi,,19,2009,Royal Challengers Bangalore
18.5,123.33,0,0,20,0,2,2015,2,0,MS Bisla,,37,2015,Royal Challengers Bangalore
6.0,109.09,0,0,7,0,3,2013,13,1,AA Chavan,,12,2011,Rajasthan Royals
6.0,75.0,0,0,6,0,1,2009,1,0,SD Chitnis,,6,2009,Rajasthan Royals
16.0,88.88,0,0,16,0,1,2013,1,0,B Chipli,,16,2013,Delhi Daredevils
13.0,78.78,0,0,13,0,3,2018,4,1,DT Christian,,26,2018,Delhi Daredevils
12.0,92.3,0,0,19,0,3,2012,5,1,AA Jhunjhunwala,,24,2012,Deccan Chargers
3.0,37.5,0,0,3,0,1,2008,3,0,D Kalyankrishna,,3,2008,Deccan Chargers
4.0,93.33,4,0,10,0,10,2021,39,3,RD Chahar,,28,2019,Mumbai Indians
17.0,117.24,1,1,58,0,6,2016,7,0,UBT Chand,,102,2015,Mumbai Indians
0.0,120.0,0,0,6,0,1,2017,1,1,DM Bravo,,6,2017,Kolkata Knight Riders
0.0,300.0,0,0,9,0,1,2019,2,1,KC Cariappa,,9,2015,Kolkata Knight Riders
1.0,33.33,1,0,1,0,2,2014,9,1,L Balaji,,1,2014,Kings XI Punjab
21.0,100.0,0,0,33,0,3,2010,3,1,AB Barath,,42,2010,Kings XI Punjab
2.0,40.0,0,0,2,0,1,2022,3,0,PJ Sangwan,,2,2022,Gujarat Titans
18.14,169.33,1,1,58,0,7,2024,7,0,M Shahrukh Khan,,127,2024,Gujarat Titans
2.0,50.0,0,0,2,0,1,2013,3,0,BAW Mendis,,2,2013,Pune Warriors
14.2,110.93,0,0,37,0,6,2012,7,1,MD Mishra,,71,2011,Pune Warriors
0.0,0.0,1,0,0,0,1,2017,2,0,MM Patel,,0,2017,Gujarat Lions
2.0,66.66,0,0,2,0,1,2017,1,0,IK Pathan,,2,2017,Gujarat Lions
6.0,100.0,0,0,4,0,2,2024,14,1,Mukesh Choudhary,,6,2022,Chennai Super Kings
0.0,0.0,1,0,0,0,1,2008,2,0,A Mukund,,0,2008,Chennai Super Kings
0.0,0.0,0,0,,0,0,2022,3,0,AJ Tye,,0,2022,Lucknow Super Giants
40.5,191.55,3,4,102,1,15,2024,15,1,TM Head,,567,2024,Sunrisers Hyderabad
29.84,128.05,0,1,50,0,21,2010,27,8,MV Boucher,,388,2008,Royal Challengers Bangalore
29.0,123.4,0,0,26,0,4,2023,5,2,MG Bracewell,,58,2023,Royal Challengers Bangalore
8.0,133.33,0,0,8,0,1,2019,2,0,P Chopra,,8,2018,Rajasthan Royals
12.88,170.58,1,0,32,0,14,2014,25,5,KK Cooper,,116,2012,Rajasthan Royals
40.6,130.12,0,3,75,0,7,2010,8,2,PD Collingwood,,203,2010,Delhi Daredevils
7.25,90.62,0,0,7,0,8,2016,17,4,NM Coulter-Nile,,29,2014,Delhi Daredevils
15.86,105.77,3,1,52,0,17,2010,17,2,VVS Laxman,,238,2008,Deccan Chargers
0.0,0.0,1,0,0,0,1,2011,1,0,MJ Lumb,,0,2011,Deccan Chargers
5.71,102.56,4,0,18,0,11,2024,28,4,PP Chawla,,40,2021,Mumbai Indians
9.0,180.0,0,0,15,0,2,2008,3,0,SD Chitnis,,18,2008,Mumbai Indians
0.0,0.0,0,0,,0,0,2024,1,0,PVD Chameera,,0,2024,Kolkata Knight Riders
5.5,78.57,1,0,11,0,2,2022,2,0,RA Bawa,,11,2022,Kings XI Punjab
7.0,107.69,1,0,9,0,3,2016,3,1,F Behardien,,14,2016,Kings XI Punjab
13.0,100.0,1,0,17,0,3,2023,3,1,MD Shanaka,,26,2023,Gujarat Titans
23.7,136.61,1,3,63,0,21,2024,25,4,V Shankar,,403,2022,Gujarat Titans
0.0,0.0,0,0,,0,0,2011,1,0,SS Mundhe,,0,2011,Pune Warriors
8.0,88.88,0,0,5,0,2,2013,4,1,AG Murtaza,,8,2012,Pune Warriors
33.64,135.86,0,6,84,0,29,2017,29,4,SK Raina,,841,2016,Gujarat Lions
29.5,147.5,0,0,31,0,3,2017,3,1,JJ Roy,,59,2017,Gujarat Lions
2.25,69.23,1,0,4,0,6,2010,40,2,M Muralidaran,,9,2008,Chennai Super Kings
0.0,0.0,0,0,,0,0,2024,9,0,Mustafizur Rahman,,0,2024,Chennai Super Kings
9.0,128.57,0,0,9,0,1,2023,3,0,JD Unadkat,,9,2023,Lucknow Super Giants
14.5,131.81,0,0,19,0,2,2023,3,0,M Vohra,,29,2022,Lucknow Super Giants
27.96,128.83,2,5,74,0,37,2017,42,10,MC Henriques,,755,2014,Sunrisers Hyderabad
18.55,121.89,0,0,47,0,12,2021,16,3,JO Holder,,167,2014,Sunrisers Hyderabad
5.33,41.02,1,0,8,0,18,2021,113,12,YS Chahal,,32,2014,Royal Challengers Bangalore
8.33,80.64,0,0,16,0,3,2008,3,0,S Chanderpaul,,25,2008,Royal Challengers Bangalore
0.0,50.0,0,0,1,0,1,2022,1,1,NM Coulter-Nile,,1,2022,Rajasthan Royals
83.0,133.87,0,1,54,0,4,2020,5,3,TK Curran,,83,2020,Rajasthan Royals
15.4,145.28,0,0,24,0,9,2017,12,4,PJ Cummins,,77,2017,Delhi Daredevils
21.0,123.52,0,0,21,0,2,2021,3,1,TK Curran,,21,2021,Delhi Daredevils
6.0,66.66,0,0,6,0,1,2012,1,0,CA Lynn,,6,2012,Deccan Chargers
0.0,175.0,0,0,7,0,1,2011,1,1,I Malhotra,,7,2011,Deccan Chargers
3.5,63.63,1,0,8,0,5,2024,10,1,G Coetzee,,14,2024,Mumbai Indians
9.5,146.15,0,0,24,0,5,2021,13,1,NM Coulter-Nile,,38,2013,Mumbai Indians
10.16,108.28,5,0,22,0,29,2019,70,11,PP Chawla,,183,2014,Kolkata Knight Riders
8.83,74.64,0,0,24,0,6,2009,7,0,A Chopra,,53,2008,Kolkata Knight Riders
6.0,85.71,1,0,6,0,2,2013,17,1,BA Bhatt,,6,2011,Kings XI Punjab
26.0,144.44,0,0,35,0,9,2013,15,5,Bipul Sharma,,104,2010,Kings XI Punjab
2.0,40.0,0,0,2,0,1,2024,1,0,BR Sharath,,2,2024,Gujarat Titans
1.0,12.5,1,0,2,0,4,2024,26,2,MM Sharma,,2,2023,Gujarat Titans
11.0,90.41,1,0,25,0,9,2013,11,3,AM Nayar,,66,2013,Pune Warriors
0.0,91.66,0,0,9,0,2,2012,13,2,A Nehra,,11,2012,Pune Warriors
1.0,50.0,1,0,1,0,3,2017,7,1,PJ Sangwan,,2,2016,Gujarat Lions
0.0,0.0,0,0,,0,0,2017,2,0,NB Singh,,0,2017,Gujarat Lions
0.0,0.0,0,0,0,0,1,2013,5,1,DP Nannes,,0,2013,Chennai Super Kings
11.0,220.0,0,0,10,0,2,2023,4,1,MA Wood,,11,2023,Lucknow Super Giants
13.81,117.66,1,0,34,0,36,2019,47,9,DJ Hooda,,373,2016,Sunrisers Hyderabad
0.0,160.0,0,0,16,0,1,2023,1,1,AJ Hosein,,16,2023,Sunrisers Hyderabad
6.0,120.0,1,0,9,0,3,2024,3,0,SD Chauhan,,18,2024,Royal Challengers Bangalore
6.66,71.42,0,0,10,0,3,2008,3,0,B Chipli,,20,2008,Royal Challengers Bangalore
8.0,133.33,0,0,8,0,1,2014,1,0,BCJ Cutting,,8,2014,Rajasthan Royals
13.37,100.94,1,0,41,0,8,2010,9,0,P Dogra,,107,2010,Rajasthan Royals
0.0,0.0,0,0,,0,0,2018,1,0,CJ Dala,,0,2018,Delhi Daredevils
14.0,93.33,0,0,15,0,2,2010,3,0,MR Marsh,,28,2010,Deccan Chargers
19.0,152.0,0,0,37,0,9,2019,12,3,BCJ Cutting,,114,2018,Mumbai Indians
4.66,116.66,0,0,6,0,3,2017,8,0,NM Coulter-Nile,,14,2017,Kolkata Knight Riders
21.8,122.47,1,1,75,0,10,2010,10,0,MS Bisla,,218,2010,Kings XI Punjab
44.97,147.7,3,10,129,4,45,2024,45,5,Shubman Gill,,1799,2022,Gujarat Titans
5.0,38.46,0,0,8,0,2,2011,2,0,TD Paine,,10,2011,Pune Warriors
25.59,149.33,3,5,74,0,24,2017,24,2,DR Smith,,563,2016,Gujarat Lions
14.5,158.9,0,0,36,0,9,2015,12,1,P Negi,,116,2014,Chennai Super Kings
1.0,14.28,1,0,1,0,4,2015,20,3,A Nehra,,1,2014,Chennai Super Kings
0.0,0.0,0,0,,0,0,2024,4,0,MP Yadav,,0,2024,Lucknow Super Giants
5.5,137.5,1,0,14,0,4,2024,5,0,Yudhvir Singh,,22,2023,Lucknow Super Giants
13.75,105.76,0,0,19,0,5,2021,6,1,KM Jadhav,,55,2021,Sunrisers Hyderabad
25.0,125.0,0,0,15,0,3,2017,5,2,A Choudhary,,25,2017,Royal Challengers Bangalore
2.5,51.28,1,0,9,0,9,2021,11,1,DT Christian,,20,2013,Royal Challengers Bangalore
17.0,154.54,0,0,30,0,2,2010,3,0,AP Dole,,34,2010,Rajasthan Royals
0.0,0.0,1,0,0,0,1,2011,3,0,ND Doshi,,0,2011,Rajasthan Royals
32.72,134.83,0,5,108,1,23,2016,23,1,Q de Kock,,720,2014,Delhi Daredevils
21.0,175.0,0,0,20,0,2,2020,5,1,TU Deshpande,,21,2020,Delhi Daredevils
12.0,121.73,4,0,25,0,14,2012,28,7,A Mishra,,84,2011,Deccan Chargers
15.09,115.27,1,0,41,0,11,2010,11,0,MD Mishra,,166,2010,Deccan Chargers
0.0,80.0,0,0,4,0,1,2018,1,1,A Dananjaya,,4,2018,Mumbai Indians
29.9,171.35,3,0,46,0,34,2024,37,12,TH David,,658,2022,Mumbai Indians
20.13,154.08,4,3,66,0,22,2022,30,7,PJ Cummins,,302,2014,Kolkata Knight Riders
29.69,115.91,1,3,84,0,14,2010,15,1,RS Bopara,,386,2009,Kings XI Punjab
1.0,50.0,0,0,1,0,1,2024,1,0,MJ Suthar,,1,2024,Gujarat Titans
27.33,147.74,0,0,43,0,31,2024,45,13,R Tewatia,,492,2022,Gujarat Titans
0.0,0.0,1,0,0,0,1,2013,2,0,IC Pandey,,0,2013,Pune Warriors
23.86,110.29,5,3,80,0,25,2013,27,3,MK Pandey,,525,2011,Pune Warriors
1.0,50.0,0,0,1,0,1,2016,1,0,DW Steyn,,1,2016,Gujarat Lions
0.0,0.0,0,0,,0,0,2021,14,0,L Ngidi,,0,2018,Chennai Super Kings
13.2,104.76,0,0,17,0,11,2024,19,6,M Jansen,,66,2022,Sunrisers Hyderabad
0.0,0.0,1,0,0,0,1,2018,2,0,CJ Jordan,,0,2017,Sunrisers Hyderabad
0.0,0.0,1,0,0,0,1,2024,5,0,MJ Dagar,,0,2024,Royal Challengers Bangalore
1.0,33.33,0,0,1,0,1,2021,1,0,TH David,,1,2021,Royal Challengers Bangalore
29.67,110.86,0,7,66,0,45,2013,46,2,R Dravid,,1276,2011,Rajasthan Royals
28.75,119.17,0,1,64,0,9,2021,9,1,S Dube,,230,2021,Rajasthan Royals
31.95,117.3,2,3,105,1,26,2010,28,5,AB de Villiers,,671,2008,Delhi Daredevils
38.98,131.0,6,16,106,2,63,2021,63,10,S Dhawan,,2066,2008,Delhi Daredevils
0.0,0.0,0,0,,0,0,2012,1,0,T Mishra,,0,2012,Deccan Chargers
34.07,131.32,2,10,81,0,43,2021,43,4,Q de Kock,,1329,2019,Mumbai Indians
1.0,50.0,0,0,1,0,1,2015,2,0,M de Lange,,1,2014,Mumbai Indians
7.66,82.14,0,0,18,0,4,2018,5,1,TK Curran,,23,2018,Kolkata Knight Riders
21.71,116.47,1,0,35,0,22,2013,31,8,DB Das,,304,2008,Kolkata Knight Riders
0.0,0.0,0,0,,0,0,2009,1,0,RR Bose,,0,2009,Kings XI Punjab
5.0,83.33,0,0,12,0,4,2017,9,1,KC Cariappa,,15,2016,Kings XI Punjab
14.63,111.8,0,0,35,0,11,2024,12,0,MS Wade,,161,2022,Gujarat Titans
13.5,100.0,0,0,26,0,2,2024,3,0,KS Williamson,,27,2023,Gujarat Titans
7.62,83.56,0,0,16,0,11,2013,18,3,WD Parnell,,61,2011,Pune Warriors
5.0,55.55,0,0,4,0,2,2013,2,1,Parvez Rasool,,5,2013,Pune Warriors
0.0,36.84,0,0,7,0,1,2016,7,1,PV Tambe,,7,2016,Gujarat Lions
0.0,0.0,0,0,,0,0,2017,1,0,Tejas Baroka,,0,2017,Gujarat Lions
11.0,61.11,0,0,11,0,2,2008,9,1,M Ntini,,11,2008,Chennai Super Kings
15.14,100.95,0,0,41,0,11,2009,15,4,JDP Oram,,106,2008,Chennai Super Kings
3.5,116.66,1,0,7,0,2,2023,5,0,Kartik Tyagi,,7,2022,Sunrisers Hyderabad
2.75,44.0,2,0,7,0,9,2021,43,5,S Kaul,,11,2017,Sunrisers Hyderabad
22.12,133.08,0,0,40,0,12,2019,13,4,C de Grandhomme,,177,2018,Royal Challengers Bangalore
25.12,124.07,0,1,53,0,8,2018,8,0,Q de Kock,,201,2018,Royal Challengers Bangalore
16.5,173.68,1,0,25,0,3,2024,4,1,SB Dubey,,33,2024,Rajasthan Royals
22.47,146.92,0,0,46,0,32,2015,42,15,JP Faulkner,,382,2013,Rajasthan Royals
5.33,69.56,0,0,13,0,3,2023,4,0,YV Dhull,,16,2023,Delhi Daredevils
25.72,119.66,3,4,67,0,26,2010,27,4,TM Dilshan,,566,2008,Delhi Daredevils
0.75,31.57,5,0,2,0,14,2011,54,6,PP Ojha,,6,2008,Deccan Chargers
17.63,117.57,1,0,45,0,13,2012,14,2,PA Patel,,194,2012,Deccan Chargers
7.0,100.0,1,0,14,0,4,2013,6,1,R Dhawan,,21,2013,Mumbai Indians
16.5,107.44,1,2,56,0,14,2010,15,0,S Dhawan,,231,2009,Mumbai Indians
15.75,136.95,3,0,36,0,9,2017,12,1,C de Grandhomme,,126,2017,Kolkata Knight Riders
0.0,0.0,0,0,,0,0,2012,3,0,M de Lange,,0,2012,Kolkata Knight Riders
10.88,106.52,4,0,25,0,13,2024,36,4,RD Chahar,,98,2022,Kings XI Punjab
12.93,112.95,7,0,24,0,52,2013,87,21,PP Chawla,,401,2008,Kings XI Punjab
0.0,0.0,0,0,,0,0,2023,1,0,J Yadav,,0,2023,Gujarat Titans
12.0,80.0,0,0,10,0,2,2024,7,1,UT Yadav,,12,2024,Gujarat Titans
18.0,112.5,0,0,18,0,1,2011,2,0,S Rana,,18,2011,Pune Warriors
5.0,45.45,0,0,5,0,2,2013,2,1,M Rawat,,5,2013,Pune Warriors
26.5,176.66,0,0,25,0,3,2017,6,1,AJ Tye,,53,2017,Gujarat Lions
0.0,0.0,0,0,,0,0,2015,23,0,IC Pandey,,0,2014,Chennai Super Kings
21.5,102.78,4,3,57,0,26,2010,26,2,PA Patel,,516,2008,Chennai Super Kings
44.14,173.92,0,6,104,1,26,2024,28,5,H Klaasen,,927,2023,Sunrisers Hyderabad
41.2,158.63,8,37,133,2,144,2021,156,35,AB de Villiers,,4491,2011,Royal Challengers Bangalore
27.95,109.92,3,5,76,0,24,2013,25,3,TM Dilshan,,587,2011,Royal Challengers Bangalore
18.3,105.78,1,0,45,0,11,2011,12,1,FY Fazal,,183,2010,Rajasthan Royals
4.0,72.72,0,0,7,0,2,2024,2,0,D Ferreira,,8,2024,Rajasthan Royals
0.0,0.0,1,0,0,0,1,2011,6,0,AB Dinda,,0,2011,Delhi Daredevils
23.0,69.69,0,0,16,0,2,2023,4,1,P Dubey,,23,2020,Delhi Daredevils
0.0,0.0,1,0,0,0,1,2012,9,0,V Pratap Singh,,0,2012,Deccan Chargers
20.05,120.33,1,1,60,0,23,2012,30,5,DB Ravi Teja,,361,2008,Deccan Chargers
37.66,113.91,1,5,62,0,23,2018,26,8,JP Duminy,,565,2009,Mumbai Indians
13.33,114.28,0,0,20,0,3,2014,3,0,BR Dunk,,40,2014,Mumbai Indians
0.0,0.0,1,0,0,0,1,2019,1,0,JL Denly,,0,2019,Kolkata Knight Riders
1.0,50.0,2,0,2,0,6,2010,29,2,AB Dinda,,4,2008,Kolkata Knight Riders
18.75,105.63,0,0,38,0,5,2012,7,1,SD Chitnis,,75,2011,Kings XI Punjab
0.0,0.0,1,0,0,0,1,2020,6,0,SS Cottrell,,0,2020,Kings XI Punjab
0.0,0.0,1,0,0,0,1,2023,14,0,Yash Dayal,,0,2022,Gujarat Titans
17.0,94.44,0,0,26,0,2,2013,3,0,KW Richardson,,34,2013,Pune Warriors
23.82,133.98,2,4,86,0,24,2012,24,1,JD Ryder,,548,2011,Pune Warriors
0.0,0.0,0,0,,0,0,2024,20,0,M Pathirana,,0,2022,Chennai Super Kings
8.52,99.53,5,0,27,0,49,2024,145,24,B Kumar,,213,2014,Sunrisers Hyderabad
4.0,33.33,1,0,2,0,3,2015,11,2,AB Dinda,,4,2014,Royal Challengers Bangalore
21.0,100.0,0,0,21,0,1,2010,1,0,AJ Finch,,21,2010,Rajasthan Royals
44.13,130.79,0,6,78,0,35,2016,38,12,JP Duminy,,1015,2014,Delhi Daredevils
12.75,105.15,2,0,30,0,8,2012,8,0,AJ Finch,,102,2011,Delhi Daredevils
24.33,123.72,0,0,42,0,4,2012,5,1,PA Reddy,,73,2012,Deccan Chargers
10.0,111.11,0,0,10,0,1,2010,2,0,KAJ Roach,,10,2010,Deccan Chargers
0.0,133.33,0,0,2,0,2,2010,10,2,CRD Fernando,,4,2008,Mumbai Indians
5.0,62.5,0,0,5,0,1,2013,1,0,P Dogra,,5,2013,Kolkata Knight Riders
0.0,152.5,0,0,24,0,5,2023,21,5,LH Ferguson,,61,2019,Kolkata Knight Riders
26.7,134.38,2,4,63,0,33,2024,36,9,SM Curran,,641,2019,Kings XI Punjab
14.66,93.61,0,0,46,0,10,2013,10,1,MN Samuels,,132,2012,Pune Warriors
0.0,0.0,0,0,,0,0,2010,1,0,NLTC Perera,,0,2010,Chennai Super Kings
5.66,68.0,1,0,12,0,4,2015,12,1,P Kumar,,17,2015,Sunrisers Hyderabad
0.0,0.0,0,0,,0,0,2010,1,0,ND Doshi,,0,2010,Royal Challengers Bangalore
26.41,122.84,3,4,75,0,37,2010,43,3,R Dravid,,898,2008,Royal Challengers Bangalore
13.08,116.29,4,0,24,0,18,2021,42,6,S Gopal,,157,2018,Rajasthan Royals
36.66,234.04,1,4,84,0,9,2024,9,0,J Fraser-McGurk,,330,2024,Delhi Daredevils
29.55,122.86,2,9,86,0,44,2018,46,4,G Gambhir,,1182,2008,Delhi Daredevils
0.0,100.0,0,0,2,0,1,2012,1,1,BB Samantray,,2,2012,Deccan Chargers
23.25,116.98,2,2,82,0,25,2012,25,1,KC Sangakkara,,558,2011,Deccan Chargers
11.5,69.69,0,0,10,0,3,2015,3,1,AJ Finch,,23,2015,Mumbai Indians
17.2,140.98,0,1,58,0,5,2022,5,0,AJ Finch,,86,2022,Kolkata Knight Riders
0.0,0.0,0,0,,0,0,2008,1,0,P Dharmani,,0,2008,Kings XI Punjab
23.62,113.85,0,0,25,0,20,2024,33,12,R Dhawan,,189,2014,Kings XI Punjab
3.36,75.51,7,0,13,0,16,2013,36,5,R Sharma,,37,2011,Pune Warriors
11.0,157.14,1,0,22,0,5,2023,7,1,D Pretorius,,44,2022,Chennai Super Kings
0.0,161.53,0,0,18,0,3,2024,17,3,M Markande,,21,2023,Sunrisers Hyderabad
30.32,131.01,2,5,68,0,36,2024,38,8,AK Markram,,849,2022,Sunrisers Hyderabad
16.9,122.46,0,0,27,0,13,2020,15,3,S Dube,,169,2019,Royal Challengers Bangalore
38.04,146.99,2,15,96,0,45,2024,45,2,F du Plessis,,1636,2022,Royal Challengers Bangalore
13.8,102.98,1,0,24,0,6,2012,11,1,SP Goswami,,69,2012,Rajasthan Royals
12.0,173.49,1,0,33,0,17,2019,22,5,K Gowtham,,144,2018,Rajasthan Royals
11.0,95.65,0,0,12,0,2,2023,2,0,PK Garg,,22,2023,Delhi Daredevils
0.0,50.0,0,0,1,0,1,2008,2,1,PM Sarvesh Kumar,,1,2008,Deccan Chargers
10.12,176.08,1,0,33,0,9,2008,10,1,Shahid Afridi,,81,2008,Deccan Chargers
29.72,108.63,0,1,79,0,16,2012,20,5,JEC Franklin,,327,2011,Mumbai Indians
31.61,124.28,10,27,93,0,108,2017,108,12,G Gambhir,,3035,2011,Kolkata Knight Riders
37.88,130.11,1,7,99,0,30,2024,30,4,S Dhawan,,985,2022,Kings XI Punjab
10.5,82.35,1,0,24,0,4,2011,4,0,GC Smith,,42,2011,Pune Warriors
25.81,147.53,0,2,71,0,23,2024,27,1,AM Rahane,,568,2023,Chennai Super Kings
32.32,136.88,8,33,100,1,171,2021,176,26,SK Raina,,4687,2008,Chennai Super Kings
0.0,0.0,1,0,0,0,1,2020,1,0,MR Marsh,,0,2020,Sunrisers Hyderabad
10.0,76.92,0,0,10,0,1,2009,2,0,D du Preez,,10,2009,Royal Challengers Bangalore
1.0,100.0,0,0,1,0,1,2024,7,0,LH Ferguson,,1,2024,Royal Challengers Bangalore
0.0,0.0,0,0,,0,0,2013,1,0,Harmeet Singh,,0,2013,Rajasthan Royals
16.0,123.07,0,0,30,0,4,2015,4,1,CM Gautam,,48,2013,Delhi Daredevils
0.0,80.0,0,0,1,0,5,2011,12,5,I Sharma,,4,2011,Deccan Chargers
17.28,109.0,0,0,33,0,9,2014,9,2,CM Gautam,,121,2014,Mumbai Indians
28.63,110.5,3,7,91,0,38,2010,40,2,SC Ganguly,,1031,2008,Kolkata Knight Riders
7.5,62.5,0,0,6,0,3,2012,3,1,P Dogra,,15,2012,Kings XI Punjab
4.75,76.0,2,0,12,0,5,2024,16,1,NT Ellis,,19,2021,Kings XI Punjab
40.07,130.57,0,0,47,0,21,2013,22,8,SPD Smith,,521,2012,Pune Warriors
0.0,33.33,0,0,2,0,1,2013,2,1,AS Rajpoot,,2,2013,Chennai Super Kings
22.2,160.86,1,1,61,0,10,2024,10,0,R Ravindra,,222,2024,Chennai Super Kings
13.28,90.29,3,0,30,0,10,2014,27,3,A Mishra,,93,2013,Sunrisers Hyderabad
15.0,151.26,0,0,31,0,14,2021,17,2,Mohammad Nabi,,180,2017,Sunrisers Hyderabad
22.33,111.2,0,1,52,0,12,2020,12,0,AJ Finch,,268,2020,Royal Challengers Bangalore
0.0,64.28,0,0,6,0,2,2009,3,2,SM Harwood,,9,2009,Rajasthan Royals
0.0,0.0,0,0,,0,0,2008,2,0,B Geeves,,0,2008,Delhi Daredevils
19.0,126.66,0,0,19,0,1,2024,2,0,Gulbadin Naib,,19,2024,Delhi Daredevils
9.66,111.53,1,0,14,0,4,2010,6,1,R Sharma,,29,2010,Deccan Chargers
40.5,92.04,0,1,66,0,3,2012,3,1,HH Gibbs,,81,2012,Mumbai Indians
2.0,25.0,0,0,2,0,1,2010,2,0,RS Gavaskar,,2,2010,Kolkata Knight Riders
14.0,107.69,0,0,11,0,2,2012,2,1,JP Faulkner,,14,2012,Kings XI Punjab
10.4,89.65,1,0,23,0,5,2013,7,0,TL Suman,,52,2013,Pune Warriors
3.0,100.0,0,0,2,0,2,2011,5,1,JE Taylor,,3,2011,Pune Warriors
29.72,129.31,5,8,100,1,80,2023,90,15,AT Rayudu,,1932,2018,Chennai Super Kings
0.0,0.0,0,0,,0,0,2017,6,0,Mohammed Siraj,,0,2017,Sunrisers Hyderabad
2.0,50.0,1,0,2,0,3,2021,5,2,GHS Garton,,2,2021,Royal Challengers Bangalore
5.5,68.75,1,0,11,0,2,2009,2,0,T Henderson,,11,2009,Rajasthan Royals
0.0,0.0,1,0,0,0,1,2012,1,0,Sunny Gupta,,0,2012,Delhi Daredevils
11.0,220.0,0,0,11,0,1,2010,1,0,MC Henriques,,11,2010,Delhi Daredevils
30.78,131.46,2,8,76,0,44,2010,45,6,RG Sharma,,1170,2008,Deccan Chargers
0.5,16.66,2,0,1,0,3,2009,8,1,Shoaib Ahmed,,1,2009,Deccan Chargers
7.0,51.85,0,0,11,0,3,2024,9,1,S Gopal,,14,2014,Mumbai Indians
0.0,0.0,0,0,,0,0,2023,1,0,R Goyal,,0,2023,Mumbai Indians
30.86,141.59,1,2,88,0,16,2010,16,1,CH Gayle,,463,2009,Kolkata Knight Riders
3.5,87.5,1,0,7,0,2,2009,2,0,AN Ghosh,,7,2009,Kolkata Knight Riders
16.75,134.0,2,0,46,0,9,2018,10,1,AJ Finch,,134,2018,Kings XI Punjab
0.0,0.0,0,0,,0,0,2008,4,0,Gagandeep Singh,,0,2008,Kings XI Punjab
12.6,82.89,0,0,19,0,5,2013,5,0,LRPL Taylor,,63,2013,Pune Warriors
28.8,108.27,0,0,46,0,7,2013,14,2,WP Saha,,144,2011,Chennai Super Kings
12.75,118.6,1,0,21,0,5,2024,8,1,Sameer Rizvi,,51,2024,Chennai Super Kings
23.84,121.09,1,2,63,0,15,2016,16,2,EJG Morgan,,310,2015,Sunrisers Hyderabad
0.0,100.0,0,0,1,0,1,2021,1,1,Mujeeb Ur Rahman,,1,2021,Sunrisers Hyderabad
43.32,152.72,5,19,175,5,84,2017,85,11,CH Gayle,,3163,2011,Royal Challengers Bangalore
23.83,92.25,0,1,52,0,6,2010,7,0,SP Goswami,,143,2008,Royal Challengers Bangalore
36.3,154.46,1,2,59,0,37,2024,41,17,SO Hetmyer,,726,2022,Rajasthan Royals
35.5,137.41,0,1,54,0,30,2014,33,12,BJ Hodge,,639,2012,Rajasthan Royals
28.46,158.73,0,1,53,0,24,2021,26,9,SO Hetmyer,,427,2020,Delhi Daredevils
22.87,150.0,0,0,41,0,9,2024,9,1,SD Hope,,183,2024,Delhi Daredevils
20.0,153.84,1,0,23,0,3,2008,3,1,LPC Silva,,40,2008,Deccan Chargers
50.22,160.28,0,2,100,1,16,2023,16,7,C Green,,452,2023,Mumbai Indians
19.0,103.63,0,0,48,0,3,2016,3,0,MJ Guptill,,57,2016,Mumbai Indians
7.25,100.0,1,0,22,0,4,2011,5,0,SP Goswami,,29,2011,Kolkata Knight Riders
0.0,0.0,0,0,,0,0,2020,1,0,CJ Green,,0,2020,Kolkata Knight Riders
36.18,143.2,2,10,104,1,41,2021,41,4,CH Gayle,,1339,2018,Kings XI Punjab
27.38,127.28,3,4,106,1,34,2013,34,3,AC Gilchrist,,849,2011,Kings XI Punjab
10.0,105.26,0,0,12,0,4,2012,15,2,AC Thomas,,20,2011,Pune Warriors
0.0,133.33,0,0,11,0,2,2013,3,2,K Upadhyay,,12,2012,Pune Warriors
11.66,98.59,1,0,22,0,11,2024,18,5,MJ Santner,,70,2019,Chennai Super Kings
0.0,0.0,0,0,,0,0,2017,17,0,Mustafizur Rahman,,0,2016,Sunrisers Hyderabad
3.5,77.77,1,0,5,0,3,2021,11,1,S Nadeem,,7,2019,Sunrisers Hyderabad
31.87,143.25,0,0,46,0,12,2024,13,4,C Green,,255,2024,Royal Challengers Bangalore
56.33,112.66,0,1,65,0,8,2020,11,5,Gurkeerat Singh,,169,2019,Royal Challengers Bangalore
7.5,93.75,0,0,13,0,3,2013,10,1,GB Hogg,,15,2012,Rajasthan Royals
6.0,109.09,1,0,11,0,3,2023,8,1,JO Holder,,12,2023,Rajasthan Royals
39.2,124.05,0,2,55,0,8,2011,10,3,JR Hopes,,196,2011,Delhi Daredevils
4.4,73.33,2,0,10,0,20,2010,42,10,RP Singh,,44,2008,Deccan Chargers
23.7,150.95,0,0,49,0,11,2010,11,1,DR Smith,,237,2009,Deccan Chargers
16.3,142.42,13,1,64,0,84,2017,136,35,Harbhajan Singh,,799,2008,Mumbai Indians
23.22,114.83,0,2,56,0,9,2014,9,0,MEK Hussey,,209,2014,Mumbai Indians
0.0,20.0,0,0,1,0,1,2019,8,1,HF Gurney,,1,2019,Kolkata Knight Riders
14.53,94.37,2,0,38,0,17,2010,22,2,K Goel,,218,2008,Kings XI Punjab
11.25,180.0,2,0,42,0,5,2013,8,1,MS Gony,,45,2013,Kings XI Punjab
26.9,119.5,2,4,75,0,45,2013,46,4,RV Uthappa,,1103,2011,Pune Warriors
1.0,66.66,1,0,2,0,2,2011,7,0,SB Wagh,,2,2011,Pune Warriors
0.0,0.0,0,0,,0,0,2014,1,0,V Shankar,,0,2014,Chennai Super Kings
0.0,0.0,0,0,0,0,1,2020,12,1,KV Sharma,,0,2018,Chennai Super Kings
0.0,60.0,0,0,3,0,4,2024,55,4,T Natarajan,,3,2020,Sunrisers Hyderabad
0.0,100.0,0,0,1,0,4,2017,14,4,A Nehra,,1,2016,Sunrisers Hyderabad
0.0,67.85,0,0,7,0,6,2023,15,6,JR Hazlewood,,19,2022,Royal Challengers Bangalore
16.77,158.94,0,1,54,0,9,2015,14,0,DJ Hooda,,151,2015,Rajasthan Royals
4.5,78.26,0,0,5,0,5,2016,20,1,Imran Tahir,,18,2014,Delhi Daredevils
24.9,130.36,1,2,62,0,10,2011,11,0,S Sohal,,249,2011,Deccan Chargers
29.8,136.84,7,15,99,0,84,2024,89,6,Ishan Kishan,,2325,2018,Mumbai Indians
18.0,163.63,0,0,18,0,1,2011,1,0,BJ Haddin,,18,2011,Kolkata Knight Riders
42.0,155.55,0,0,22,0,2,2020,2,1,K Gowtham,,42,2020,Kings XI Punjab
21.2,176.66,0,0,44,0,6,2013,7,1,LJ Wright,,106,2012,Pune Warriors
7.25,103.57,3,0,21,0,10,2019,48,6,MM Sharma,,29,2013,Chennai Super Kings
33.66,142.92,0,2,76,0,11,2024,15,2,K Nitish Kumar Reddy,,303,2023,Sunrisers Hyderabad
29.28,138.51,1,1,75,0,10,2017,10,3,TM Head,,205,2016,Royal Challengers Bangalore
0.0,0.0,0,0,,0,0,2014,1,0,Iqbal Abdulla,,0,2014,Rajasthan Royals
17.08,113.88,0,0,47,0,15,2019,15,3,CA Ingram,,205,2011,Delhi Daredevils
31.66,123.95,5,16,96,0,87,2021,87,12,SS Iyer,,2375,2015,Delhi Daredevils
6.11,98.21,0,0,13,0,11,2012,24,2,DW Steyn,,55,2011,Deccan Chargers
13.14,93.87,1,0,32,0,7,2012,7,0,DJ Jacobs,,92,2011,Mumbai Indians
0.0,100.0,0,0,2,0,2,2021,3,2,Harbhajan Singh,,4,2021,Kolkata Knight Riders
22.0,150.0,1,1,50,0,7,2017,7,1,MJ Guptill,,132,2017,Kings XI Punjab
26.4,128.82,1,2,66,0,26,2013,27,4,Yuvraj Singh,,581,2011,Pune Warriors
6.5,76.47,0,0,8,0,2,2019,2,0,DR Shorey,,13,2018,Chennai Super Kings
19.46,120.41,3,1,79,0,39,2017,56,9,NV Ojha,,584,2014,Sunrisers Hyderabad
41.25,132.0,0,0,44,0,9,2013,10,5,MC Henriques,,165,2013,Royal Challengers Bangalore
23.88,116.53,2,0,42,0,22,2009,27,4,RA Jadeja,,430,2008,Rajasthan Royals
24.6,134.44,4,2,63,0,37,2015,41,14,KM Jadhav,,566,2010,Delhi Daredevils
24.66,109.0,1,5,66,0,30,2013,31,3,DPMD Jayawardene,,666,2012,Delhi Daredevils
18.0,96.18,0,0,36,0,9,2009,10,2,SB Styris,,126,2008,Deccan Chargers
0.0,0.0,0,0,0,0,1,2012,3,1,TP Sudhindra,,0,2012,Deccan Chargers
0.0,0.0,0,0,,0,0,2023,1,0,D Jansen,,0,2023,Mumbai Indians
0.0,0.0,2,0,0,0,2,2021,2,0,M Jansen,,0,2021,Mumbai Indians
0.0,0.0,0,0,,0,0,2010,1,0,Harpreet Singh,,0,2010,Kolkata Knight Riders
1.0,66.66,1,0,2,0,3,2024,21,1,Harshit Rana,,2,2022,Kolkata Knight Riders
16.28,125.73,4,1,51,0,24,2017,30,3,Gurkeerat Singh,,342,2012,Kings XI Punjab
0.0,0.0,0,0,,0,0,2023,1,0,Gurnoor Brar,,0,2023,Kings XI Punjab
7.0,87.5,0,0,3,0,3,2024,10,2,Simarjeet Singh,,7,2022,Chennai Super Kings
30.15,128.49,3,7,79,0,32,2015,32,0,DR Smith,,965,2014,Chennai Super Kings
35.39,124.76,1,12,83,0,47,2021,51,9,MK Pandey,,1345,2018,Sunrisers Hyderabad
0.0,100.0,0,0,2,0,2,2015,5,2,Parvez Rasool,,2,2014,Sunrisers Hyderabad
18.0,123.28,1,1,75,0,5,2019,5,0,SO Hetmyer,,90,2019,Royal Challengers Bangalore
31.0,119.23,1,0,33,0,5,2017,15,3,Iqbal Abdulla,,62,2015,Royal Challengers Bangalore
32.14,150.6,4,9,124,2,52,2024,53,2,YBK Jaiswal,,1607,2020,Rajasthan Royals
20.33,110.24,0,1,53,0,11,2010,13,2,AA Jhunjhunwala,,183,2010,Rajasthan Royals
17.85,97.65,0,0,49,0,7,2013,7,0,MC Juneja,,125,2013,Delhi Daredevils
28.63,121.7,2,2,78,0,26,2010,26,7,TL Suman,,544,2009,Deccan Chargers
27.42,144.36,2,4,114,1,30,2010,30,2,ST Jayasuriya,,768,2008,Mumbai Indians
14.75,111.32,0,0,13,0,9,2017,22,5,MG Johnson,,59,2013,Mumbai Indians
0.0,0.0,0,0,,0,0,2016,2,0,JW Hastings,,0,2016,Kolkata Knight Riders
19.0,95.0,0,0,30,0,3,2009,4,1,MC Henriques,,38,2009,Kolkata Knight Riders
9.0,163.63,0,0,14,0,3,2013,10,1,Harmeet Singh,,18,2012,Kings XI Punjab
21.18,122.63,1,0,29,0,24,2024,41,13,Harpreet Brar,,233,2019,Kings XI Punjab
0.0,0.0,0,0,,0,0,2022,2,0,PH Solanki,,0,2022,Chennai Super Kings
0.0,0.0,0,0,,0,0,2011,5,0,TG Southee,,0,2011,Chennai Super Kings
22.61,115.29,0,1,61,0,13,2013,13,0,PA Patel,,294,2013,Sunrisers Hyderabad
27.5,101.85,0,0,23,0,6,2014,10,4,IK Pathan,,55,2014,Sunrisers Hyderabad
32.85,175.57,0,1,100,1,8,2024,8,1,WG Jacks,,230,2024,Royal Challengers Bangalore
26.75,140.78,0,1,69,0,17,2023,19,5,KM Jadhav,,321,2016,Royal Challengers Bangalore
23.13,151.52,2,2,56,0,22,2024,28,7,DC Jurel,,347,2023,Rajasthan Royals
16.0,102.92,0,0,34,0,14,2008,16,3,M Kaif,,176,2008,Rajasthan Royals
25.26,126.49,2,6,69,0,49,2014,56,8,KD Karthik,,1036,2008,Delhi Daredevils
0.0,81.81,0,0,7,0,3,2014,11,3,S Kaul,,9,2013,Delhi Daredevils
35.0,94.59,0,0,16,0,4,2010,5,3,B Sumanth,,35,2010,Deccan Chargers
3.0,50.0,0,0,4,0,2,2023,6,0,CJ Jordan,,6,2023,Mumbai Indians
0.0,115.38,0,0,15,0,2,2019,3,2,AS Joseph,,15,2019,Mumbai Indians
29.75,114.14,2,4,73,0,19,2010,19,3,BJ Hodge,,476,2008,Kolkata Knight Riders
20.6,110.75,0,0,41,0,5,2024,5,0,Harpreet Singh,,103,2023,Kings XI Punjab
7.28,92.72,2,0,17,0,11,2013,21,4,RJ Harris,,51,2011,Kings XI Punjab
7.5,107.14,0,0,8,0,2,2023,2,0,BA Stokes,,15,2023,Chennai Super Kings
0.0,250.0,0,0,5,0,1,2011,2,1,SB Styris,,5,2011,Chennai Super Kings
25.0,122.44,1,0,45,0,21,2019,25,9,YK Pathan,,300,2018,Sunrisers Hyderabad
23.3,142.94,0,0,40,0,14,2013,16,4,NLTC Perera,,233,2013,Sunrisers Hyderabad
16.25,107.43,1,1,50,0,8,2009,8,0,W Jaffer,,130,2008,Royal Challengers Bangalore
0.0,0.0,0,0,,0,0,2014,1,0,SB Jakati,,0,2014,Royal Challengers Bangalore
25.6,164.1,0,1,53,0,6,2008,6,1,Kamran Akmal,,128,2008,Rajasthan Royals
3.0,60.0,0,0,3,0,2,2010,8,1,Kamran Khan,,3,2009,Rajasthan Royals
20.57,111.62,0,0,36,0,9,2023,10,2,SN Khan,,144,2022,Delhi Daredevils
3.33,38.46,0,0,4,0,5,2017,30,2,Z Khan,,10,2015,Delhi Daredevils
36.47,137.09,0,5,117,1,27,2010,28,4,A Symonds,,839,2008,Deccan Chargers
0.0,116.66,0,0,7,0,1,2012,2,1,J Theron,,7,2012,Deccan Chargers
0.0,100.0,0,0,2,0,1,2024,3,1,A Kamboj,,2,2024,Mumbai Indians
24.12,119.87,3,2,86,0,33,2013,36,2,KD Karthik,,748,2012,Mumbai Indians
7.0,116.66,0,0,5,0,3,2016,11,2,GB Hogg,,7,2015,Kolkata Knight Riders
5.5,115.78,1,0,13,0,4,2016,4,0,JO Holder,,22,2016,Kolkata Knight Riders
1.0,33.33,1,0,1,0,3,2015,7,2,BE Hendricks,,1,2014,Kings XI Punjab
15.5,96.87,0,0,14,0,4,2021,5,2,MC Henriques,,31,2021,Kings XI Punjab
11.16,121.81,2,0,17,0,13,2024,57,7,SN Thakur,,67,2018,Chennai Super Kings
7.0,100.0,1,0,7,0,2,2024,27,1,M Theekshana,,7,2022,Chennai Super Kings
7.8,177.27,1,0,25,0,5,2023,5,0,GD Phillips,,39,2023,Sunrisers Hyderabad
38.25,144.33,1,2,64,0,13,2022,14,5,N Pooran,,306,2022,Sunrisers Hyderabad
16.25,118.18,0,0,16,0,7,2021,9,3,KA Jamieson,,65,2021,Royal Challengers Bangalore
3.0,75.0,0,0,3,0,1,2016,9,0,CJ Jordan,,3,2016,Royal Challengers Bangalore
3.0,60.0,0,0,2,0,5,2021,14,3,Kartik Tyagi,,6,2020,Rajasthan Royals
19.0,121.27,1,0,32,0,4,2018,4,1,H Klaasen,,57,2018,Rajasthan Royals
21.0,89.36,3,0,35,0,22,2024,39,16,Kuldeep Yadav,,126,2022,Delhi Daredevils
10.12,110.95,3,0,20,0,11,2010,13,3,WPUJC Vaas,,81,2008,Deccan Chargers
19.39,121.52,2,2,71,0,28,2010,33,5,Y Venugopal Rao,,446,2008,Deccan Chargers
4.5,75.0,0,0,6,0,2,2023,12,0,K Kartikeya,,9,2022,Mumbai Indians
13.33,129.03,1,0,23,0,12,2014,26,9,Z Khan,,40,2009,Mumbai Indians
26.89,126.48,3,2,71,0,23,2010,23,4,DJ Hussey,,511,2008,Kolkata Knight Riders
7.0,70.0,1,0,15,0,3,2022,3,0,B Indrajith,,21,2022,Kolkata Knight Riders
0.0,0.0,0,0,,0,0,2017,2,0,MJ Henry,,0,2017,Kings XI Punjab
23.72,134.53,2,2,64,0,16,2021,19,5,DJ Hooda,,261,2020,Kings XI Punjab
6.0,66.66,0,0,8,0,4,2010,6,2,T Thushara,,12,2009,Chennai Super Kings
3.0,75.0,1,0,3,0,3,2010,14,2,S Tyagi,,3,2009,Chennai Super Kings
23.69,106.2,0,0,46,0,16,2015,20,3,KL Rahul,,308,2014,Sunrisers Hyderabad
0.0,0.0,0,0,,0,0,2024,3,0,AS Joseph,,0,2024,Royal Challengers Bangalore
3.0,42.85,0,0,3,0,2,2008,4,0,SB Joshi,,6,2008,Royal Challengers Bangalore
16.0,88.88,0,0,20,0,3,2024,4,0,T Kohler-Cadmore,,48,2024,Rajasthan Royals
5.0,66.66,0,0,7,0,2,2008,2,0,T Kohli,,10,2008,Rajasthan Royals
1.0,42.85,1,0,2,0,3,2024,4,0,K Kushagra,,3,2024,Delhi Daredevils
0.0,0.0,1,0,0,0,1,2019,9,0,S Lamichhane,,0,2018,Delhi Daredevils
0.0,100.0,0,0,1,0,2,2008,9,2,DP Vijaykumar,,1,2008,Deccan Chargers
38.86,135.89,1,5,78,0,19,2012,19,4,CL White,,583,2011,Deccan Chargers
12.0,109.09,0,0,9,0,3,2008,4,1,MA Khote,,24,2008,Mumbai Indians
8.66,59.09,0,0,10,0,10,2021,35,7,DS Kulkarni,,26,2008,Mumbai Indians
0.0,81.25,0,0,12,0,8,2013,33,8,Iqbal Abdulla,,26,2008,Kolkata Knight Riders
20.09,149.32,1,2,71,0,11,2008,11,0,JR Hopes,,221,2008,Kings XI Punjab
24.82,120.45,1,2,68,0,34,2013,36,6,DJ Hussey,,695,2011,Kings XI Punjab
23.0,135.29,1,3,88,0,15,2022,16,0,RV Uthappa,,345,2021,Chennai Super Kings
18.12,133.02,1,1,54,0,8,2008,9,0,S Vidyut,,145,2008,Chennai Super Kings
11.0,137.5,0,0,18,0,2,2023,2,0,AU Rashid,,22,2023,Sunrisers Hyderabad
9.25,137.03,9,0,34,0,35,2021,76,11,Rashid Khan,,222,2017,Sunrisers Hyderabad
13.75,112.24,0,0,15,0,5,2012,9,1,M Kaif,,55,2011,Royal Challengers Bangalore
31.44,112.19,4,10,89,0,42,2010,42,6,JH Kallis,,1132,2008,Royal Challengers Bangalore
24.0,77.41,0,0,24,0,1,2024,1,0,TK Kotian,,24,2024,Rajasthan Royals
16.66,108.69,0,0,28,0,7,2019,37,4,DS Kulkarni,,50,2014,Rajasthan Royals
38.0,120.63,0,0,33,0,5,2011,6,3,AB McDonald,,76,2009,Delhi Daredevils
4.0,80.0,1,0,4,0,3,2008,14,2,GD McGrath,,4,2008,Delhi Daredevils
9.8,125.64,1,0,16,0,6,2008,8,1,AS Yadav,,49,2008,Deccan Chargers
11.0,122.22,0,0,10,0,2,2008,3,1,DNT Zoysa,,11,2008,Deccan Chargers
1.0,50.0,0,0,1,0,1,2014,3,0,P Kumar,,1,2014,Mumbai Indians
15.0,115.38,0,0,15,0,1,2019,1,0,SD Lad,,15,2019,Mumbai Indians
34.18,140.03,1,5,85,0,28,2024,29,6,SS Iyer,,752,2022,Kolkata Knight Riders
36.39,140.9,1,2,110,1,35,2010,36,12,DPMD Jayawardene,,837,2008,Kings XI Punjab
10.22,92.0,2,0,16,0,19,2016,26,10,MG Johnson,,92,2014,Kings XI Punjab
25.87,125.12,3,7,127,2,70,2020,70,4,M Vijay,,1708,2009,Chennai Super Kings
30.53,136.38,4,7,117,2,43,2020,43,2,SR Watson,,1252,2018,Chennai Super Kings
14.0,82.35,0,0,10,0,2,2013,2,1,DB Ravi Teja,,14,2013,Sunrisers Hyderabad
13.0,90.09,0,0,27,0,7,2013,7,0,PA Reddy,,91,2013,Sunrisers Hyderabad
24.65,162.95,6,3,83,0,53,2024,60,15,KD Karthik,,937,2015,Royal Challengers Bangalore
1.0,25.0,1,0,1,0,2,2018,7,1,B Laughlin,,1,2018,Rajasthan Royals
17.7,143.9,2,0,39,0,14,2010,20,4,MF Maharoof,,177,2008,Delhi Daredevils
7.5,55.55,0,0,6,0,5,2010,13,3,VY Mahesh,,15,2008,Delhi Daredevils
13.83,113.69,2,1,50,0,6,2012,6,0,RE Levi,,83,2012,Mumbai Indians
26.87,131.09,2,2,65,0,16,2019,16,0,E Lewis,,430,2018,Mumbai Indians
31.57,137.12,2,11,104,1,49,2024,51,7,VR Iyer,,1326,2021,Kolkata Knight Riders
12.2,117.3,0,0,30,0,7,2021,13,2,CJ Jordan,,61,2020,Kings XI Punjab
9.33,93.33,0,0,14,0,3,2010,4,0,M Kaif,,28,2010,Kings XI Punjab
0.0,0.0,0,0,,0,0,2018,3,0,DJ Willey,,0,2018,Chennai Super Kings
30.0,123.96,0,1,60,0,5,2021,5,0,JJ Roy,,150,2021,Sunrisers Hyderabad
22.12,123.43,2,2,87,0,28,2021,29,3,WP Saha,,553,2018,Sunrisers Hyderabad
2.0,66.66,1,0,2,0,2,2013,11,1,M Kartik,,2,2013,Royal Challengers Bangalore
9.0,100.0,0,0,17,0,2,2008,2,0,DS Lehmann,,18,2008,Rajasthan Royals
6.0,78.26,2,0,18,0,3,2022,3,0,Mandeep Singh,,18,2022,Delhi Daredevils
49.0,140.0,0,0,49,0,1,2021,1,0,CA Lynn,,49,2021,Mumbai Indians
10.16,107.01,1,0,16,0,8,2022,9,2,SP Jackson,,61,2017,Kolkata Knight Riders
12.0,70.58,0,0,5,0,4,2015,9,3,Karanveer Singh,,12,2014,Kings XI Punjab
1.0,33.33,0,0,1,0,1,2018,1,0,MA Wood,,1,2018,Chennai Super Kings
23.88,129.51,1,1,59,0,12,2024,16,3,Shahbaz Ahmed,,215,2024,Sunrisers Hyderabad
0.0,0.0,0,0,,0,0,2022,1,0,S Kaul,,0,2022,Royal Challengers Bangalore
30.2,162.36,0,1,58,0,5,2021,5,0,E Lewis,,151,2021,Rajasthan Royals
33.14,109.95,2,0,32,0,14,2010,20,7,M Manhas,,232,2008,Delhi Daredevils
20.95,135.8,4,3,89,0,21,2024,21,0,MR Marsh,,440,2022,Delhi Daredevils
6.53,121.42,6,0,20,0,24,2019,56,11,MJ McClenaghan,,85,2015,Mumbai Indians
14.83,109.87,1,0,36,0,6,2023,6,0,N Jagadeesan,,89,2023,Kolkata Knight Riders
25.63,128.18,1,1,69,0,13,2011,14,2,KD Karthik,,282,2011,Kings XI Punjab
0.0,0.0,0,0,,0,0,2014,2,0,M Kartik,,0,2014,Kings XI Punjab
24.6,110.81,1,1,55,0,7,2013,8,2,BB Samantray,,123,2013,Sunrisers Hyderabad
0.0,0.0,0,0,,0,0,2011,1,0,AA Kazi,,0,2011,Royal Challengers Bangalore
20.72,159.44,1,0,45,0,18,2018,25,7,SN Khan,,228,2015,Royal Challengers Bangalore
14.0,125.84,0,0,44,0,9,2021,9,1,LS Livingstone,,112,2019,Rajasthan Royals
22.62,119.86,0,0,47,0,10,2021,11,2,MK Lomror,,181,2018,Rajasthan Royals
19.55,134.35,1,0,31,0,12,2017,14,3,AD Mathews,,176,2015,Delhi Daredevils
13.46,133.58,0,0,47,0,14,2018,14,1,GJ Maxwell,,175,2012,Delhi Daredevils
8.0,53.33,0,0,8,0,1,2012,2,0,CJ McKay,,8,2012,Mumbai Indians
22.0,95.65,1,0,40,0,7,2010,10,4,R McLaren,,66,2010,Mumbai Indians
33.0,84.61,0,0,28,0,2,2017,2,1,IR Jaggi,,33,2017,Kolkata Knight Riders
0.0,145.45,0,0,12,0,2,2018,6,2,MG Johnson,,16,2018,Kolkata Knight Riders
24.1,129.56,1,2,75,0,11,2009,11,1,SM Katich,,241,2008,Kings XI Punjab
0.0,0.0,0,0,0,0,1,2008,5,1,U Kaul,,0,2008,Kings XI Punjab
21.69,126.45,2,1,60,0,18,2014,20,5,DJG Sammy,,282,2013,Sunrisers Hyderabad
5.2,89.65,4,0,9,0,12,2021,43,7,Sandeep Sharma,,26,2018,Sunrisers Hyderabad
8.37,79.76,4,0,21,0,15,2013,44,7,Z Khan,,67,2008,Royal Challengers Bangalore
0.0,0.0,0,0,,0,0,2019,5,0,K Khejroliya,,0,2018,Royal Challengers Bangalore
25.27,144.79,2,1,83,0,11,2010,11,0,MJ Lumb,,278,2010,Rajasthan Royals
8.0,160.0,0,0,8,0,1,2023,8,0,OC McCoy,,8,2022,Rajasthan Royals
7.66,85.18,1,0,12,0,3,2013,3,0,BMAJ Mendis,,23,2013,Delhi Daredevils
0.0,0.0,0,0,,0,0,2021,1,0,LI Meriwala,,0,2021,Delhi Daredevils
15.0,78.94,0,0,15,0,1,2010,1,0,C Madan,,15,2010,Mumbai Indians
5.5,88.88,6,0,17,0,25,2019,122,9,SL Malinga,,88,2009,Mumbai Indians
26.42,106.76,5,7,80,0,54,2014,56,5,JH Kallis,,1295,2011,Kolkata Knight Riders
28.57,140.41,4,5,97,0,58,2021,61,18,KD Karthik,,1143,2018,Kolkata Knight Riders
0.0,0.0,0,0,,0,0,2024,1,0,V Kaverappa,,0,2024,Kings XI Punjab
26.62,121.02,2,1,67,0,10,2021,15,2,SN Khan,,213,2019,Kings XI Punjab
13.33,88.23,0,0,28,0,9,2013,9,0,KC Sangakkara,,120,2013,Sunrisers Hyderabad
4.5,90.0,0,0,6,0,2,2019,3,0,H Klaasen,,9,2019,Royal Challengers Bangalore
38.66,131.97,10,55,113,8,244,2024,252,37,V Kohli,,8004,2008,Royal Challengers Bangalore
1.0,50.0,0,0,1,0,1,2024,2,0,KA Maharaj,,1,2024,Rajasthan Royals
0.0,50.0,0,0,1,0,1,2014,4,1,VS Malik,,1,2013,Rajasthan Royals
10.88,85.25,3,0,31,0,32,2021,99,15,A Mishra,,185,2008,Delhi Daredevils
1.5,50.0,1,0,3,0,2,2008,8,0,Mohammad Asif,,3,2008,Delhi Daredevils
0.0,80.0,0,0,4,0,1,2024,13,1,A Madhwal,,4,2023,Mumbai Indians
0.0,0.0,0,0,,0,0,2024,2,0,KT Maphaka,,0,2024,Mumbai Indians
14.6,105.79,0,0,21,0,7,2010,26,2,M Kartik,,73,2008,Kolkata Knight Riders
0.0,0.0,0,0,,0,0,2023,2,0,K Khejroliya,,0,2023,Kolkata Knight Riders
1.0,25.0,0,0,1,0,2,2009,2,1,T Kohli,,1,2009,Kings XI Punjab
9.08,109.0,3,0,24,0,21,2013,44,9,P Kumar,,109,2011,Kings XI Punjab
12.5,119.04,1,0,8,0,5,2024,6,3,Sanvir Singh,,25,2023,Sunrisers Hyderabad
21.73,120.19,1,2,63,0,28,2021,33,5,V Shankar,,500,2017,Sunrisers Hyderabad
10.64,119.07,4,0,34,0,24,2010,38,7,P Kumar,,181,2008,Royal Challengers Bangalore
0.0,0.0,0,0,,0,0,2021,1,0,M Markande,,0,2021,Rajasthan Royals
6.85,117.07,1,0,21,0,13,2018,32,6,Mohammed Shami,,48,2014,Delhi Daredevils
86.0,132.3,0,1,73,0,3,2015,4,2,JA Morkel,,86,2015,Delhi Daredevils
9.0,93.1,0,0,7,0,8,2022,19,5,M Markande,,27,2018,Mumbai Indians
18.0,133.33,1,0,23,0,3,2013,3,1,GJ Maxwell,,36,2013,Mumbai Indians
9.5,76.0,2,0,16,0,11,2020,45,5,Kuldeep Yadav,,57,2016,Kolkata Knight Riders
14.0,100.0,1,0,16,0,10,2010,13,6,B Lee,,56,2008,Kings XI Punjab
20.66,119.8,0,0,35,0,14,2019,20,2,Shakib Al Hasan,,248,2018,Sunrisers Hyderabad
11.66,74.46,0,0,8,0,17,2010,42,14,A Kumble,,35,2008,Royal Challengers Bangalore
19.0,79.16,0,0,19,0,1,2010,1,0,DR Martyn,,19,2010,Rajasthan Royals
10.0,105.26,1,0,27,0,7,2010,8,1,AD Mascarenhas,,60,2008,Rajasthan Royals
11.11,169.49,5,0,23,0,15,2013,37,6,M Morkel,,100,2011,Delhi Daredevils
0.0,0.0,0,0,0,0,2,2023,13,2,RP Meredith,,0,2022,Mumbai Indians
0.0,0.0,1,0,0,0,1,2010,4,0,CK Langeveldt,,0,2009,Kolkata Knight Riders
33.08,169.12,1,6,94,0,30,2024,30,5,LS Livingstone,,827,2022,Kings XI Punjab
0.0,0.0,0,0,0,0,2,2015,23,2,I Sharma,,0,2013,Sunrisers Hyderabad
8.0,100.0,0,0,8,0,1,2011,3,0,CK Langeveldt,,8,2011,Royal Challengers Bangalore
19.09,112.64,1,0,40,0,23,2013,29,2,AL Menaria,,401,2011,Rajasthan Royals
28.46,160.52,4,2,82,0,26,2019,34,11,CH Morris,,427,2016,Delhi Daredevils
0.0,0.0,1,0,0,0,2,2022,5,1,TS Mills,,0,2022,Mumbai Indians
8.0,94.11,1,0,15,0,3,2021,4,1,AF Milne,,16,2021,Mumbai Indians
11.33,165.85,0,0,25,0,9,2013,25,3,B Lee,,68,2011,Kolkata Knight Riders
4.0,100.0,0,0,4,0,1,2023,1,0,Litton Das,,4,2023,Kolkata Knight Riders
30.0,93.75,0,1,51,0,4,2011,6,1,R McLaren,,90,2011,Kings XI Punjab
26.0,100.0,0,0,26,0,1,2021,1,0,DJ Malan,,26,2021,Kings XI Punjab
19.07,116.08,1,0,39,0,27,2016,46,13,KV Sharma,,267,2013,Sunrisers Hyderabad
17.25,146.8,0,0,25,0,5,2022,10,1,Shashank Singh,,69,2022,Sunrisers Hyderabad
16.47,155.85,3,1,54,0,25,2024,29,4,MK Lomror,,346,2022,Royal Challengers Bangalore
21.16,144.31,1,0,43,0,6,2018,6,0,BB McCullum,,127,2018,Royal Challengers Bangalore
0.0,0.0,0,0,,0,0,2019,1,0,S Midhun,,0,2019,Rajasthan Royals
20.66,109.73,2,1,62,0,9,2021,10,3,DA Miller,,124,2020,Rajasthan Royals
10.0,55.55,0,0,6,0,5,2024,20,4,Mukesh Kumar,,10,2023,Delhi Daredevils
16.33,132.43,2,0,40,0,9,2019,9,0,C Munro,,147,2018,Delhi Daredevils
2.0,20.0,0,0,2,0,1,2009,1,0,Mohammad Ashraful,,2,2009,Mumbai Indians
8.75,112.9,1,0,23,0,5,2024,7,1,Mohammad Nabi,,35,2024,Mumbai Indians
34.43,141.39,3,10,93,0,40,2019,40,3,CA Lynn,,1274,2014,Kolkata Knight Riders
6.0,120.0,0,0,6,0,1,2011,9,0,VS Malik,,6,2009,Kings XI Punjab
22.82,122.62,7,4,77,0,58,2021,62,11,Mandeep Singh,,1073,2011,Kings XI Punjab
29.0,141.46,0,0,26,0,3,2022,3,1,R Shepherd,,58,2022,Sunrisers Hyderabad
0.0,100.0,0,0,2,0,4,2017,15,4,BB Sran,,4,2016,Sunrisers Hyderabad
15.66,127.02,1,0,30,0,4,2013,5,1,AB McDonald,,47,2012,Royal Challengers Bangalore
16.5,75.0,0,0,17,0,2,2022,2,0,DJ Mitchell,,33,2022,Rajasthan Royals
8.5,70.83,0,0,8,0,3,2010,4,1,M Morkel,,17,2009,Rajasthan Royals
0.0,66.66,0,0,3,0,2,2023,10,2,Mustafizur Rahman,,4,2022,Delhi Daredevils
0.0,100.0,0,0,1,0,1,2024,2,1,SZ Mulani,,1,2024,Mumbai Indians
0.0,40.0,0,0,2,0,1,2011,8,1,AG Murtaza,,2,2010,Mumbai Indians
27.56,120.65,2,4,158,1,35,2013,35,3,BB McCullum,,882,2008,Kolkata Knight Riders
1.5,50.0,0,0,2,0,2,2013,2,0,R McLaren,,3,2013,Kolkata Knight Riders
0.0,400.0,0,0,4,0,1,2022,1,1,PN Mankad,,4,2022,Kings XI Punjab
29.2,122.68,0,0,42,0,6,2021,6,1,AK Markram,,146,2021,Kings XI Punjab
0.0,250.0,0,0,5,0,1,2018,4,1,B Stanlake,,5,2018,Sunrisers Hyderabad
15.83,126.66,2,0,19,0,15,2015,37,9,DW Steyn,,95,2013,Sunrisers Hyderabad
6.66,95.23,0,0,12,0,3,2015,3,0,NJ Maddinson,,20,2014,Royal Challengers Bangalore
22.11,128.94,4,2,54,0,32,2018,40,5,Mandeep Singh,,597,2015,Royal Challengers Bangalore
20.42,150.52,3,0,36,0,14,2021,22,7,CH Morris,,143,2015,Rajasthan Royals
0.0,57.14,0,0,8,0,5,2021,14,5,Mustafizur Rahman,,8,2021,Rajasthan Royals
1.0,33.33,0,0,1,0,2,2015,6,1,DJ Muthuswami,,1,2015,Delhi Daredevils
2.66,41.02,5,0,6,0,19,2018,61,7,S Nadeem,,32,2011,Delhi Daredevils
1.0,33.33,0,0,1,0,2,2018,7,1,Mustafizur Rahman,,1,2018,Mumbai Indians
23.33,177.21,2,1,62,0,7,2024,7,1,Naman Dhir,,140,2024,Mumbai Indians
3.6,66.66,2,0,12,0,5,2023,6,0,Mandeep Singh,,18,2010,Kolkata Knight Riders
0.0,100.0,0,0,2,0,1,2009,1,1,Mashrafe Mortaza,,2,2009,Kolkata Knight Riders
39.95,132.74,1,20,115,1,69,2017,71,7,SE Marsh,,2477,2008,Kings XI Punjab
6.33,90.47,1,0,9,0,4,2013,5,1,AD Mascarenhas,,19,2012,Kings XI Punjab
8.0,114.28,1,0,14,0,3,2022,7,1,J Suchith,,16,2021,Sunrisers Hyderabad
4.0,53.33,1,0,8,0,2,2016,3,0,AP Tare,,8,2016,Sunrisers Hyderabad
28.77,159.24,8,12,78,0,50,2024,52,6,GJ Maxwell,,1266,2021,Royal Challengers Bangalore
22.91,133.41,0,4,73,0,25,2022,28,2,KK Nair,,527,2014,Rajasthan Royals
7.0,116.66,1,0,12,0,3,2010,5,1,S Narwal,,14,2010,Rajasthan Royals
20.35,110.03,2,0,44,0,20,2012,26,6,Y Nagar,,285,2009,Delhi Daredevils
0.0,0.0,0,0,,0,0,2022,1,0,KL Nagarkoti,,0,2022,Delhi Daredevils
0.0,0.0,1,0,0,0,1,2009,3,0,C Nanda,,0,2009,Mumbai Indians
15.0,93.75,0,0,15,0,1,2009,1,0,GR Napier,,15,2009,Mumbai Indians
31.12,126.39,1,1,65,0,12,2010,15,4,AD Mathews,,249,2009,Kolkata Knight Riders
1.0,50.0,1,0,1,0,2,2010,7,1,BAW Mendis,,1,2008,Kolkata Knight Riders
24.41,158.77,9,6,95,0,62,2020,65,9,GJ Maxwell,,1294,2014,Kings XI Punjab
0.0,0.0,0,0,0,0,1,2021,5,1,RP Meredith,,0,2021,Kings XI Punjab
10.0,58.82,0,0,10,0,1,2013,1,0,X Thalaivan Sargunam,,10,2013,Sunrisers Hyderabad
29.34,144.48,3,5,76,0,33,2024,33,4,RA Tripathi,,851,2022,Sunrisers Hyderabad
2.66,72.72,1,0,6,0,3,2017,5,0,TS Mills,,8,2017,Royal Challengers Bangalore
3.5,58.33,0,0,5,0,3,2017,5,1,AF Milne,,7,2016,Royal Challengers Bangalore
14.33,91.48,0,0,23,0,4,2014,5,1,AM Nayar,,43,2014,Rajasthan Royals
15.5,114.81,0,0,17,0,2,2022,2,0,JDS Neesham,,31,2022,Rajasthan Royals
27.73,121.98,1,4,83,0,25,2017,28,2,KK Nair,,638,2016,Delhi Daredevils
4.0,30.76,0,0,3,0,2,2010,22,1,DP Nannes,,4,2009,Delhi Daredevils
24.05,134.01,0,0,45,0,24,2010,30,5,AM Nayar,,457,2008,Mumbai Indians
9.14,77.1,0,0,16,0,8,2008,8,1,Mohammad Hafeez,,64,2008,Kolkata Knight Riders
34.25,138.78,1,9,101,1,77,2019,79,23,DA Miller,,1850,2012,Kings XI Punjab
5.33,72.72,2,0,9,0,9,2021,42,6,Mohammed Shami,,16,2019,Kings XI Punjab
11.5,143.75,2,0,19,0,6,2024,26,4,Umran Malik,,23,2021,Sunrisers Hyderabad
8.0,92.3,0,0,8,0,5,2024,11,2,JD Unadkat,,24,2024,Sunrisers Hyderabad
16.71,144.44,2,0,47,0,8,2008,8,1,Misbah-ul-Haq,,117,2008,Royal Challengers Bangalore
6.8,130.76,1,0,11,0,8,2013,16,3,A Mithun,,34,2009,Royal Challengers Bangalore
28.68,127.03,3,4,94,0,22,2010,22,3,NV Ojha,,545,2009,Rajasthan Royals
0.0,0.0,1,0,0,0,1,2011,2,0,JDP Oram,,0,2011,Rajasthan Royals
14.0,91.3,0,0,22,0,3,2014,4,0,JDS Neesham,,42,2014,Delhi Daredevils
23.25,105.68,0,0,19,0,10,2016,17,6,P Negi,,93,2012,Delhi Daredevils
0.0,0.0,2,0,0,0,2,2021,3,0,JDS Neesham,,0,2021,Mumbai Indians
5.0,50.0,0,0,5,0,1,2013,3,0,Mohammed Shami,,5,2013,Kolkata Knight Riders
23.69,124.68,5,3,68,0,52,2021,57,10,EJG Morgan,,995,2011,Kolkata Knight Riders
0.0,50.0,0,0,1,0,1,2023,1,1,Mohit Rathee,,1,2023,Kings XI Punjab
16.25,104.83,0,0,26,0,4,2017,4,0,EJG Morgan,,65,2017,Kings XI Punjab
23.66,112.69,0,0,27,0,5,2014,7,2,Y Venugopal Rao,,71,2014,Sunrisers Hyderabad
15.55,89.45,0,0,46,0,21,2015,22,3,GH Vihari,,280,2013,Sunrisers Hyderabad
10.9,91.59,2,0,14,0,25,2024,87,15,Mohammed Siraj,,109,2018,Royal Challengers Bangalore
23.59,125.88,1,3,54,0,28,2023,28,1,D Padikkal,,637,2022,Rajasthan Royals
0.0,62.5,0,0,4,0,2,2012,12,2,Pankaj Singh,,5,2008,Rajasthan Royals
5.0,86.2,3,0,22,0,8,2013,27,3,A Nehra,,25,2009,Delhi Daredevils
8.16,100.0,2,0,23,0,15,2024,46,9,A Nortje,,49,2020,Delhi Daredevils
3.0,23.07,1,0,2,0,4,2008,14,3,A Nehra,,3,2008,Mumbai Indians
0.0,128.57,0,0,4,0,5,2016,29,5,M Morkel,,9,2014,Kolkata Knight Riders
10.0,100.0,0,0,16,0,3,2016,4,0,C Munro,,30,2016,Kolkata Knight Riders
9.33,74.66,0,0,25,0,8,2009,12,2,WA Mota,,56,2008,Kings XI Punjab
3.66,78.57,2,0,10,0,6,2020,18,3,Mujeeb Ur Rahman,,11,2018,Kings XI Punjab
7.5,57.69,0,0,11,0,2,2021,3,0,Virat Singh,,15,2021,Sunrisers Hyderabad
69.0,146.8,0,1,69,0,1,2023,3,0,Vivrant Sharma,,69,2023,Sunrisers Hyderabad
11.66,116.66,0,0,17,0,4,2010,6,1,EJG Morgan,,35,2010,Royal Challengers Bangalore
15.0,109.75,0,0,16,0,5,2014,7,2,JA Morkel,,45,2014,Royal Challengers Bangalore
24.43,135.13,3,6,84,0,58,2024,70,10,R Parag,,1173,2019,Rajasthan Royals
16.34,106.51,2,1,64,0,33,2018,35,7,NV Ojha,,425,2011,Delhi Daredevils
17.77,109.58,2,1,50,0,9,2023,10,0,MK Pandey,,160,2023,Delhi Daredevils
0.0,0.0,1,0,0,0,1,2008,1,0,A Nel,,0,2008,Mumbai Indians
2.5,38.46,1,0,3,0,9,2015,38,5,PP Ojha,,10,2012,Mumbai Indians
5.5,66.66,2,0,8,0,7,2021,11,3,KL Nagarkoti,,22,2020,Kolkata Knight Riders
4.0,42.1,0,0,7,0,2,2020,2,0,NS Naik,,8,2019,Kolkata Knight Riders
11.5,74.19,0,0,22,0,2,2016,2,0,NS Naik,,23,2016,Kings XI Punjab
0.0,140.0,0,0,7,0,1,2024,3,1,V Viyaskanth,,7,2024,Sunrisers Hyderabad
49.55,142.59,3,40,126,2,95,2021,95,14,DA Warner,,4014,2014,Sunrisers Hyderabad
8.5,161.9,1,0,25,0,5,2020,9,1,CH Morris,,34,2020,Royal Challengers Bangalore
19.0,90.47,0,0,19,0,1,2013,1,0,A Mukund,,19,2013,Royal Challengers Bangalore
9.25,115.62,3,0,23,0,9,2010,30,5,MM Patel,,37,2008,Rajasthan Royals
35.31,148.93,4,18,128,1,110,2024,111,17,RR Pant,,3284,2016,Delhi Daredevils
2.0,100.0,0,0,2,0,2,2014,8,1,WD Parnell,,2,2014,Delhi Daredevils
0.0,0.0,0,0,,0,0,2013,1,0,JDP Oram,,0,2013,Mumbai Indians
17.04,165.83,16,7,109,1,110,2024,177,20,SP Narine,,1534,2012,Kolkata Knight Riders
21.46,133.6,1,2,54,0,16,2020,18,1,KK Nair,,322,2018,Kings XI Punjab
0.0,0.0,0,0,,0,0,2017,6,0,T Natarajan,,0,2017,Kings XI Punjab
13.41,123.84,1,0,40,0,14,2024,18,2,Washington Sundar,,161,2022,Sunrisers Hyderabad
3.0,66.66,1,0,6,0,2,2014,21,0,M Muralidaran,,6,2012,Royal Challengers Bangalore
4.5,75.0,1,0,9,0,2,2013,2,0,KK Nair,,9,2013,Royal Challengers Bangalore
30.25,101.68,0,1,57,0,6,2009,9,2,NK Patel,,121,2008,Rajasthan Royals
26.6,161.24,1,6,100,1,42,2010,43,4,YK Pathan,,1011,2008,Rajasthan Royals
23.58,134.11,3,3,66,0,62,2024,82,21,AR Patel,,967,2019,Delhi Daredevils
20.25,137.28,1,0,36,0,6,2020,12,2,HV Patel,,81,2018,Delhi Daredevils
1.5,33.33,1,0,3,0,2,2008,3,0,MK Pandey,,3,2008,Mumbai Indians
23.0,153.33,0,0,23,0,1,2013,2,0,S Narwal,,23,2013,Kolkata Knight Riders
32.0,125.43,3,6,94,0,53,2024,56,12,MK Pandey,,1312,2014,Kolkata Knight Riders
10.6,91.37,2,0,24,0,13,2012,14,3,AM Nayar,,106,2011,Kings XI Punjab
17.41,109.42,2,1,52,0,13,2013,13,1,CL White,,209,2013,Sunrisers Hyderabad
36.22,126.03,2,18,89,0,75,2022,76,17,KS Williamson,,2101,2015,Sunrisers Hyderabad
0.0,0.0,0,0,,0,0,2011,2,0,DP Nannes,,0,2011,Royal Challengers Bangalore
9.8,84.48,1,0,20,0,5,2011,5,0,AG Paunikar,,49,2010,Rajasthan Royals
16.0,109.58,0,0,23,0,7,2023,9,2,RV Patel,,80,2021,Delhi Daredevils
25.63,152.43,6,4,91,0,98,2024,106,32,HH Pandya,,1692,2015,Mumbai Indians
0.0,0.0,0,0,,0,0,2010,1,0,MB Parmar,,0,2010,Kolkata Knight Riders
9.5,105.55,0,0,10,0,3,2020,5,1,JDS Neesham,,19,2020,Kings XI Punjab
27.11,137.07,1,2,70,0,21,2017,22,3,Yuvraj Singh,,488,2016,Sunrisers Hyderabad
11.14,121.87,3,0,35,0,16,2019,21,2,P Negi,,156,2017,Royal Challengers Bangalore
7.0,107.69,1,0,14,0,2,2013,2,0,MDKJ Perera,,14,2013,Rajasthan Royals
20.34,112.5,2,0,44,0,37,2013,46,14,IK Pathan,,468,2011,Delhi Daredevils
22.86,138.54,2,1,86,0,72,2021,84,22,KH Pandya,,1143,2016,Mumbai Indians
31.55,138.27,7,7,72,0,91,2017,106,31,YK Pathan,,1893,2011,Kolkata Knight Riders
0.0,0.0,0,0,,0,0,2013,1,0,MG Neser,,0,2013,Kings XI Punjab
3.0,50.0,0,0,3,0,1,2011,2,0,R Ninan,,3,2011,Royal Challengers Bangalore
13.0,78.78,0,0,14,0,3,2021,3,1,GD Phillips,,26,2021,Rajasthan Royals
3.6,75.0,2,0,7,0,6,2019,8,1,KMA Paul,,18,2019,Delhi Daredevils
2.0,25.0,1,0,1,0,5,2013,31,4,MM Patel,,2,2011,Mumbai Indians
23.35,131.83,5,5,81,0,40,2017,40,1,PA Patel,,911,2015,Mumbai Indians
9.75,73.58,2,0,20,0,4,2008,4,0,RT Ponting,,39,2008,Kolkata Knight Riders
19.05,126.56,4,0,44,0,51,2018,68,15,AR Patel,,686,2014,Kings XI Punjab
4.33,68.42,2,0,12,0,4,2024,14,1,HV Patel,,13,2024,Kings XI Punjab
9.0,90.0,0,0,9,0,1,2008,1,0,AA Noffke,,9,2008,Royal Challengers Bangalore
31.57,125.03,2,6,101,1,29,2021,29,1,D Padikkal,,884,2020,Royal Challengers Bangalore
17.16,151.47,0,0,27,0,7,2024,10,1,R Powell,,103,2024,Rajasthan Royals
39.93,136.13,1,2,103,1,19,2014,19,4,KP Pietersen,,599,2012,Delhi Daredevils
1.0,33.33,1,0,1,0,2,2018,7,1,LE Plunkett,,1,2018,Delhi Daredevils
15.0,115.38,0,0,11,0,2,2020,10,1,JL Pattinson,,15,2020,Mumbai Indians
0.0,0.0,0,0,,0,0,2008,1,0,RV Pawar,,0,2008,Mumbai Indians
1.5,25.0,2,0,2,0,7,2021,34,5,M Prasidh Krishna,,3,2018,Kolkata Knight Riders
0.0,0.0,0,0,0,0,1,2019,2,1,Y Prithvi Raj,,0,2019,Kolkata Knight Riders
25.12,131.08,1,1,60,0,35,2010,42,11,IK Pathan,,603,2008,Kings XI Punjab
6.0,80.0,0,0,9,0,2,2015,2,0,NLTC Perera,,12,2015,Kings XI Punjab
29.78,121.22,2,0,114,1,17,2010,18,3,MK Pandey,,417,2009,Royal Challengers Bangalore
1.0,50.0,1,0,1,0,3,2010,5,1,Pankaj Singh,,2,2009,Royal Challengers Bangalore
6.0,50.0,0,0,4,0,3,2022,17,2,M Prasidh Krishna,,6,2022,Rajasthan Royals
14.71,100.98,0,1,51,0,7,2009,7,0,RJ Quiney,,103,2009,Rajasthan Royals
19.76,146.02,2,1,67,0,15,2023,17,2,R Powell,,257,2022,Delhi Daredevils
13.8,102.98,3,0,44,0,18,2021,50,8,K Rabada,,138,2017,Delhi Daredevils
4.0,44.44,1,0,4,0,2,2012,2,1,NLTC Perera,,4,2012,Mumbai Indians
30.5,106.08,0,0,45,0,6,2010,10,2,CA Pujara,,122,2010,Kolkata Knight Riders
35.85,121.25,0,1,79,0,12,2013,12,5,LA Pomersbach,,251,2008,Kings XI Punjab
0.0,0.0,0,0,0,0,1,2012,3,1,P Parameswaran,,0,2012,Royal Challengers Bangalore
2.0,40.0,0,0,2,0,1,2023,7,0,WD Parnell,,2,2023,Royal Challengers Bangalore
34.26,122.65,5,17,105,2,93,2019,100,11,AM Rahane,,2810,2011,Rajasthan Royals
9.0,90.0,0,0,7,0,2,2020,6,1,AS Rajpoot,,9,2020,Rajasthan Royals
13.44,105.21,2,1,60,0,9,2021,11,0,AM Rahane,,121,2020,Delhi Daredevils
10.66,106.66,1,0,16,0,5,2012,5,2,RJ Peterson,,32,2012,Mumbai Indians
28.67,147.32,5,16,87,0,171,2022,189,52,KA Pollard,,3412,2010,Mumbai Indians
23.28,155.23,0,1,54,0,7,2024,10,0,A Raghuvanshi,,163,2024,Kolkata Knight Riders
19.0,103.9,0,0,44,0,7,2022,7,0,AM Rahane,,133,2022,Kolkata Knight Riders
22.44,154.98,5,2,77,0,31,2021,33,4,N Pooran,,606,2019,Kings XI Punjab
0.0,0.0,0,0,,0,0,2021,1,0,IC Porel,,0,2021,Kings XI Punjab
10.0,111.11,0,0,10,0,1,2016,4,0,Parvez Rasool,,10,2016,Royal Challengers Bangalore
7.75,124.0,6,0,31,0,32,2023,80,12,HV Patel,,155,2012,Royal Challengers Bangalore
21.55,116.16,1,0,36,0,16,2011,22,7,AS Raut,,194,2009,Rajasthan Royals
12.5,86.2,1,0,23,0,10,2009,16,6,M Rawat,,50,2008,Rajasthan Royals
7.0,93.33,0,0,10,0,4,2024,8,0,Rasikh Salam,,28,2024,Delhi Daredevils
2.0,100.0,0,0,2,0,1,2024,1,0,JA Richardson,,2,2024,Delhi Daredevils
18.37,132.43,2,0,33,0,8,2008,13,0,SM Pollock,,147,2008,Mumbai Indians
10.4,69.33,1,0,28,0,5,2013,6,0,RT Ponting,,52,2013,Mumbai Indians
22.23,133.79,2,2,81,0,13,2024,14,0,Rahmanullah Gurbaz,,289,2023,Kolkata Knight Riders
4.0,57.14,0,0,4,0,1,2017,9,0,AS Rajpoot,,4,2016,Kolkata Knight Riders
28.0,109.8,0,0,28,0,7,2012,22,5,RR Powar,,56,2008,Kings XI Punjab
22.23,146.22,3,3,103,1,34,2024,34,0,Prabhsimran Singh,,756,2019,Kings XI Punjab
25.2,130.07,1,4,67,0,32,2019,32,3,PA Patel,,731,2014,Royal Challengers Bangalore
1.0,50.0,0,0,1,0,1,2014,7,0,KW Richardson,,1,2014,Rajasthan Royals
10.0,66.66,0,0,10,0,1,2023,3,0,JE Root,,10,2023,Rajasthan Royals
32.16,137.85,0,1,64,0,8,2013,8,2,BJ Rohrer,,193,2013,Delhi Daredevils
0.0,0.0,0,0,,0,0,2011,1,0,RW Price,,0,2011,Mumbai Indians
18.5,105.71,2,2,62,0,9,2009,10,1,AM Rahane,,148,2008,Mumbai Indians
31.25,201.61,0,0,35,0,9,2024,15,5,Ramandeep Singh,,125,2024,Kolkata Knight Riders
28.19,136.32,7,14,87,0,86,2024,90,8,N Rana,,2199,2018,Kolkata Knight Riders
25.0,100.8,0,0,40,0,6,2014,6,1,CA Pujara,,125,2014,Kings XI Punjab
7.8,169.56,2,0,14,0,7,2012,8,2,AUK Pathan,,39,2011,Royal Challengers Bangalore
34.73,158.84,1,7,112,1,24,2024,27,1,RM Patidar,,799,2021,Royal Challengers Bangalore
3.0,42.85,0,0,3,0,1,2013,4,0,Sachin Baby,,3,2013,Rajasthan Royals
2.0,100.0,0,0,2,0,1,2023,4,0,NA Saini,,2,2022,Rajasthan Royals
29.85,148.22,2,1,82,0,9,2023,9,2,RR Rossouw,,209,2023,Delhi Daredevils
20.0,111.11,0,0,11,0,5,2009,10,4,RR Raje,,20,2008,Mumbai Indians
7.0,116.66,0,0,7,0,1,2022,2,0,Rasikh Salam,,7,2022,Kolkata Knight Riders
8.66,108.33,2,0,13,0,6,2024,10,3,AS Roy,,26,2022,Kolkata Knight Riders
9.71,115.25,1,0,25,0,13,2024,30,6,K Rabada,,68,2022,Kings XI Punjab
56.62,139.76,0,23,132,2,55,2021,55,10,KL Rahul,,2548,2018,Kings XI Punjab
6.5,100.0,0,0,9,0,2,2008,2,0,DT Patil,,13,2008,Royal Challengers Bangalore
3.2,64.0,1,0,7,0,6,2021,14,1,C Sakariya,,16,2021,Rajasthan Royals
16.5,137.5,0,0,26,0,3,2008,6,1,D Salunkhe,,33,2008,Rajasthan Royals
30.0,127.65,0,1,91,0,5,2018,5,1,JJ Roy,,120,2018,Delhi Daredevils
22.5,112.5,0,0,14,0,4,2022,5,2,Ramandeep Singh,,45,2022,Mumbai Indians
35.62,151.59,0,2,61,0,8,2023,8,0,JJ Roy,,285,2023,Kolkata Knight Riders
23.08,145.02,1,1,50,0,13,2023,13,1,PBB Rajapaksa,,277,2022,Kings XI Punjab
19.5,101.29,1,0,33,0,5,2020,5,1,JR Philippe,,78,2020,Royal Challengers Bangalore
31.44,141.31,9,22,119,2,135,2024,140,16,SV Samson,,3742,2013,Rajasthan Royals
14.5,145.0,0,0,31,0,4,2013,7,0,AD Russell,,58,2012,Delhi Daredevils
31.21,128.9,0,4,70,0,15,2017,17,1,N Rana,,437,2016,Mumbai Indians
29.95,175.79,5,11,88,0,101,2024,120,20,AD Russell,,2426,2014,Kolkata Knight Riders
3.66,61.11,0,0,8,0,3,2019,12,0,AS Rajpoot,,11,2018,Kings XI Punjab
32.9,135.95,2,2,66,0,13,2010,13,3,KP Pietersen,,329,2009,Royal Challengers Bangalore
0.0,33.33,0,0,2,0,2,2024,23,2,Sandeep Sharma,,2,2023,Rajasthan Royals
14.6,135.18,0,0,28,0,7,2019,7,2,SE Rutherford,,73,2019,Delhi Daredevils
4.0,66.66,0,0,4,0,2,2023,5,1,C Sakariya,,4,2022,Delhi Daredevils
0.0,125.0,0,0,5,0,1,2019,1,1,Rasikh Salam,,5,2019,Mumbai Indians
27.09,139.9,1,1,59,0,24,2010,33,13,WP Saha,,298,2008,Kolkata Knight Riders
0.0,0.0,0,0,,0,0,2021,1,0,AU Rashid,,0,2021,Kings XI Punjab
12.75,130.76,0,0,29,0,4,2011,5,0,LA Pomersbach,,51,2011,Royal Challengers Bangalore
0.0,0.0,0,0,0,0,1,2024,12,1,KR Sen,,0,2022,Rajasthan Royals
27.25,163.9,2,2,87,0,9,2023,9,1,PD Salt,,218,2023,Delhi Daredevils
27.14,126.16,9,14,81,0,107,2017,114,18,AT Rayudu,,2416,2010,Mumbai Indians
27.57,119.87,0,1,73,0,7,2008,7,0,Salman Butt,,193,2008,Kolkata Knight Riders
39.54,182.0,1,4,89,0,12,2024,12,1,PD Salt,,435,2024,Kolkata Knight Riders
4.0,50.0,0,0,6,0,4,2021,23,2,Ravi Bishnoi,,8,2020,Kings XI Punjab
12.6,118.86,1,0,34,0,10,2024,11,0,SS Prabhudessai,,126,2022,Royal Challengers Bangalore
14.3,94.07,1,1,51,0,10,2013,14,0,CA Pujara,,143,2011,Royal Challengers Bangalore
33.18,130.82,0,3,76,0,15,2013,15,4,OA Shah,,365,2012,Rajasthan Royals
5.0,100.0,0,0,5,0,1,2011,2,0,PR Shah,,5,2011,Rajasthan Royals
0.0,0.0,0,0,,0,0,2011,7,0,AM Salvi,,0,2009,Delhi Daredevils
6.8,100.0,1,0,13,0,5,2009,5,0,L Ronchi,,34,2008,Mumbai Indians
0.0,0.0,0,0,,0,0,2021,5,0,S Sandeep Warrier,,0,2019,Kolkata Knight Riders
7.5,62.5,1,0,15,0,2,2021,3,0,JA Richardson,,15,2021,Kings XI Punjab
0.0,100.0,0,0,1,0,1,2011,1,1,NJ Rimmington,,1,2011,Kings XI Punjab
37.9,145.29,1,4,68,0,14,2016,19,3,KL Rahul,,417,2013,Royal Challengers Bangalore
10.2,102.0,3,0,23,0,7,2014,12,2,R Rampaul,,51,2013,Royal Challengers Bangalore
0.0,50.0,0,0,2,0,1,2021,1,1,T Shamsi,,2,2021,Rajasthan Royals
0.0,0.0,1,0,0,0,1,2020,3,0,DR Sams,,0,2020,Delhi Daredevils
0.0,0.0,0,0,,0,0,2019,1,0,AS Roy,,0,2019,Mumbai Indians
5.42,105.55,2,0,15,0,10,2022,11,3,DR Sams,,38,2022,Mumbai Indians
0.0,200.0,0,0,4,0,1,2013,3,1,PJ Sangwan,,4,2012,Kolkata Knight Riders
26.37,181.89,1,1,61,0,8,2024,8,0,RR Rossouw,,211,2024,Kings XI Punjab
24.33,112.3,0,0,19,0,7,2014,9,4,S Rana,,73,2014,Royal Challengers Bangalore
16.42,116.16,0,0,44,0,7,2018,7,0,DJM Short,,115,2018,Rajasthan Royals
27.08,127.25,2,3,102,1,28,2017,28,3,SV Samson,,677,2016,Delhi Daredevils
0.0,0.0,1,0,0,0,1,2018,1,0,PJ Sangwan,,0,2018,Mumbai Indians
0.0,0.0,1,0,0,0,1,2022,1,0,R Sanjay Yadav,,0,2022,Mumbai Indians
0.0,0.0,0,0,,0,0,2009,2,0,SS Sarkar,,0,2009,Kolkata Knight Riders
24.77,131.95,1,5,115,1,49,2017,57,4,WP Saha,,1115,2014,Kings XI Punjab
19.0,79.16,0,0,19,0,1,2019,1,0,P Ray Barman,,19,2019,Royal Challengers Bangalore
0.0,50.0,0,0,1,0,1,2013,3,1,R Shukla,,1,2013,Rajasthan Royals
0.5,20.0,3,0,1,0,5,2012,23,1,A Singh,,2,2009,Rajasthan Royals
7.25,93.54,1,0,27,0,4,2017,5,0,MN Samuels,,29,2017,Delhi Daredevils
0.0,0.0,0,0,,0,0,2014,2,0,K Santokie,,0,2014,Mumbai Indians
15.22,105.38,1,0,24,0,14,2011,21,5,R Sathish,,137,2010,Mumbai Indians
8.0,100.0,0,0,10,0,3,2016,4,0,R Sathish,,24,2016,Kolkata Knight Riders
19.0,146.15,0,0,18,0,2,2016,5,1,P Sahu,,19,2016,Kings XI Punjab
14.0,99.29,0,1,50,0,10,2012,10,0,N Saini,,140,2012,Kings XI Punjab
0.0,100.0,0,0,1,0,1,2021,5,1,KW Richardson,,1,2016,Royal Challengers Bangalore
31.68,112.96,2,4,91,0,25,2010,25,3,GC Smith,,697,2008,Rajasthan Royals
0.0,0.0,0,0,,0,0,2015,3,0,GS Sandhu,,0,2015,Delhi Daredevils
12.42,101.16,1,0,29,0,9,2009,14,2,PR Shah,,87,2008,Mumbai Indians
0.0,0.0,0,0,,0,0,2009,1,0,RA Shaikh,,0,2009,Mumbai Indians
8.0,133.33,0,0,6,0,2,2018,4,1,JPR Scantlebury-Searles,,8,2018,Kolkata Knight Riders
26.0,74.28,0,0,7,0,13,2022,61,12,Sandeep Sharma,,26,2013,Kings XI Punjab
31.53,129.52,2,8,94,0,34,2010,37,2,KC Sangakkara,,1009,2008,Kings XI Punjab
10.6,103.92,1,0,24,0,5,2015,5,0,RR Rossouw,,53,2014,Royal Challengers Bangalore
30.57,126.92,1,8,79,0,43,2020,50,8,SPD Smith,,1070,2014,Rajasthan Royals
4.5,62.06,2,0,6,0,9,2010,28,5,PJ Sangwan,,18,2008,Delhi Daredevils
8.16,119.51,0,0,19,0,6,2017,9,0,KV Sharma,,49,2017,Mumbai Indians
2.0,50.0,0,0,2,0,1,2021,1,0,TL Seifert,,2,2021,Kolkata Knight Riders
18.25,97.33,0,0,31,0,4,2008,4,0,RR Sarwan,,73,2008,Kings XI Punjab
16.5,66.0,0,0,28,0,2,2022,3,0,SE Rutherford,,33,2022,Royal Challengers Bangalore
11.2,114.28,2,0,32,0,5,2009,5,0,JD Ryder,,56,2009,Royal Challengers Bangalore
3.5,41.17,0,0,6,0,2,2019,8,0,IS Sodhi,,7,2018,Rajasthan Royals
12.0,124.13,0,0,13,0,5,2008,11,2,Sohail Tanvir,,36,2008,Rajasthan Royals
29.37,160.32,6,15,119,1,79,2013,79,5,V Sehwag,,2174,2008,Delhi Daredevils
12.0,126.31,0,0,21,0,2,2022,2,0,TL Seifert,,24,2022,Delhi Daredevils
29.5,131.07,15,35,109,2,208,2024,212,23,RG Sharma,,5458,2011,Mumbai Indians
10.0,58.82,0,0,7,0,4,2013,8,3,SMSM Senanayake,,10,2013,Kolkata Knight Riders
57.5,121.05,0,1,58,0,5,2010,5,3,OA Shah,,115,2010,Kolkata Knight Riders
21.8,141.55,1,0,27,0,8,2013,9,3,R Sathish,,109,2013,Kings XI Punjab
17.62,127.02,1,0,33,0,10,2021,15,2,Sachin Baby,,141,2016,Royal Challengers Bangalore
8.5,130.76,0,0,7,0,4,2015,10,2,TG Southee,,17,2014,Rajasthan Royals
53.0,143.24,0,1,54,0,11,2018,13,7,V Shankar,,212,2018,Delhi Daredevils
28.5,271.42,0,0,39,0,5,2024,6,3,R Shepherd,,57,2024,Mumbai Indians
6.0,85.71,0,0,6,0,1,2009,2,0,SS Shaikh,,6,2009,Kolkata Knight Riders
0.0,0.0,0,0,,0,0,2021,1,0,Jalaj S Saxena,,0,2021,Kings XI Punjab
16.89,117.15,0,0,45,0,25,2023,39,6,Shahbaz Ahmed,,321,2020,Royal Challengers Bangalore
0.0,0.0,0,0,,0,0,2015,1,0,BB Sran,,0,2015,Rajasthan Royals
0.0,109.09,0,0,10,0,6,2024,34,6,I Sharma,,12,2019,Delhi Daredevils
22.0,101.53,0,0,25,0,6,2023,13,3,HR Shokeen,,66,2022,Mumbai Indians
19.46,126.74,4,2,66,0,38,2021,51,10,Shakib Al Hasan,,545,2011,Kolkata Knight Riders
22.16,138.84,1,1,122,1,25,2015,25,0,V Sehwag,,554,2014,Kings XI Punjab
10.33,88.57,0,0,12,0,6,2021,28,3,NA Saini,,31,2019,Royal Challengers Bangalore
1.0,25.0,1,0,1,0,3,2013,7,2,S Sreesanth,,1,2013,Rajasthan Royals
0.0,0.0,0,0,,0,0,2020,1,0,MM Sharma,,0,2020,Delhi Daredevils
0.0,0.0,0,0,,0,0,2014,2,0,R Sharma,,0,2014,Delhi Daredevils
0.0,0.0,0,0,,0,0,2012,1,0,R Shukla,,0,2012,Mumbai Indians
8.25,80.48,1,0,9,0,11,2010,31,7,I Sharma,,33,2008,Kolkata Knight Riders
20.28,134.81,2,0,47,0,31,2023,33,10,M Shahrukh Khan,,426,2021,Kings XI Punjab
6.5,72.22,0,0,7,0,2,2015,2,0,DJG Sammy,,13,2015,Royal Challengers Bangalore
23.23,130.45,3,1,107,1,31,2021,31,5,BA Stokes,,604,2018,Rajasthan Royals
23.94,147.46,7,14,99,0,79,2024,79,0,PP Shaw,,1892,2018,Delhi Daredevils
39.96,126.64,2,11,100,1,29,2017,29,2,LMP Simmons,,1079,2014,Mumbai Indians
5.66,91.07,3,0,20,0,12,2022,32,3,Shivam Mavi,,51,2018,Kolkata Knight Riders
27.0,167.25,0,1,61,0,9,2024,11,2,AR Sharma,,189,2024,Kings XI Punjab
4.0,66.66,0,0,5,0,3,2017,6,1,I Sharma,,8,2017,Kings XI Punjab
6.0,100.0,0,0,3,0,2,2021,2,1,DR Sams,,6,2021,Royal Challengers Bangalore
7.66,88.46,1,0,11,0,5,2013,21,2,SW Tait,,23,2010,Rajasthan Royals
13.0,110.63,0,0,24,0,5,2008,7,1,Shoaib Malik,,52,2008,Delhi Daredevils
10.33,81.57,1,0,21,0,3,2014,5,0,LR Shukla,,31,2014,Delhi Daredevils
3.0,50.0,1,0,3,0,5,2012,11,3,RP Singh,,6,2012,Mumbai Indians
31.0,129.43,2,5,87,0,22,2013,24,2,DR Smith,,620,2008,Mumbai Indians
2.0,28.57,0,0,2,0,1,2008,3,0,Shoaib Akhtar,,2,2008,Kolkata Knight Riders
22.81,151.13,2,0,49,0,36,2024,40,4,JM Sharma,,730,2022,Kings XI Punjab
8.45,104.49,0,0,15,0,17,2018,37,6,MM Sharma,,93,2016,Kings XI Punjab
0.0,0.0,0,0,,0,0,2016,4,0,T Shamsi,,0,2016,Royal Challengers Bangalore
5.5,55.0,0,0,3,0,5,2015,26,3,PV Tambe,,11,2013,Rajasthan Royals
36.2,119.07,1,0,47,0,11,2011,12,6,LRPL Taylor,,181,2011,Rajasthan Royals
18.0,85.71,0,0,14,0,3,2014,3,2,R Shukla,,18,2014,Delhi Daredevils
25.33,112.59,0,0,39,0,7,2021,8,1,SPD Smith,,152,2021,Delhi Daredevils
9.25,168.18,0,0,25,0,5,2017,14,1,TG Southee,,37,2016,Mumbai Indians
0.0,100.0,0,0,3,0,1,2019,2,1,BB Sran,,3,2019,Mumbai Indians
31.48,123.0,1,10,76,0,55,2021,58,10,Shubman Gill,,1417,2018,Kolkata Knight Riders
15.58,119.87,2,0,48,0,31,2013,42,7,LR Shukla,,374,2008,Kolkata Knight Riders
44.25,164.65,2,2,68,0,14,2024,14,6,Shashank Singh,,354,2024,Kings XI Punjab
0.0,0.0,0,0,,0,0,2024,2,0,H Sharma,,0,2023,Royal Challengers Bangalore
25.05,124.19,0,1,53,0,23,2021,32,6,R Tewatia,,426,2014,Rajasthan Royals
0.0,100.0,0,0,1,0,1,2015,1,1,J Theron,,1,2015,Rajasthan Royals
4.0,57.14,0,0,4,0,1,2011,1,0,S Sriram,,4,2011,Delhi Daredevils
6.75,77.14,1,0,20,0,4,2023,4,0,T Stubbs,,27,2022,Mumbai Indians
48.0,150.0,0,0,34,0,6,2016,14,5,J Suchith,,48,2015,Mumbai Indians
30.79,143.33,0,4,67,0,40,2024,46,11,RK Singh,,893,2018,Kolkata Knight Riders
5.0,166.66,0,0,4,0,2,2015,5,1,Shivam Sharma,,5,2014,Kings XI Punjab
5.83,152.17,0,0,20,0,6,2024,17,0,KV Sharma,,35,2009,Royal Challengers Bangalore
0.0,0.0,0,0,,0,0,2013,11,0,RP Singh,,0,2013,Royal Challengers Bangalore
0.0,0.0,0,0,,0,0,2019,4,0,O Thomas,,0,2019,Rajasthan Royals
24.46,128.77,0,2,80,0,19,2019,20,4,RA Tripathi,,367,2018,Rajasthan Royals
24.5,142.71,2,3,65,0,24,2021,27,6,MP Stoinis,,441,2020,Delhi Daredevils
10.0,114.28,0,0,36,0,9,2012,10,1,TL Suman,,80,2011,Mumbai Indians
0.0,0.0,0,0,,0,0,2015,5,0,P Suyal,,0,2013,Mumbai Indians
1.0,29.41,3,0,3,0,6,2023,14,1,TG Southee,,5,2021,Kolkata Knight Riders
0.0,66.66,0,0,2,0,1,2024,1,1,Shivam Singh,,2,2024,Kings XI Punjab
30.5,110.9,0,0,36,0,5,2019,11,3,TG Southee,,61,2018,Royal Challengers Bangalore
27.0,93.1,0,0,27,0,1,2010,1,0,S Sriram,,27,2010,Royal Challengers Bangalore
6.0,71.18,1,0,9,0,15,2013,76,8,SK Trivedi,,42,2008,Rajasthan Royals
1.0,30.0,3,0,3,0,4,2019,4,1,AJ Turner,,3,2019,Rajasthan Royals
54.0,190.9,1,3,71,0,13,2024,14,6,T Stubbs,,378,2024,Delhi Daredevils
6.0,40.0,0,0,6,0,1,2019,1,0,J Suchith,,6,2019,Delhi Daredevils
33.75,97.82,0,0,44,0,9,2011,11,5,A Symonds,,135,2011,Mumbai Indians
29.33,101.14,0,0,27,0,5,2009,11,2,YV Takawale,,88,2008,Mumbai Indians
4.5,81.81,2,0,6,0,5,2024,14,3,MA Starc,,9,2024,Kolkata Knight Riders
19.5,127.17,0,0,36,0,6,2023,6,0,MW Short,,117,2023,Kings XI Punjab
0.0,0.0,0,0,,0,0,2017,2,0,B Stanlake,,0,2017,Royal Challengers Bangalore
6.0,100.0,0,0,6,0,1,2020,1,0,AJ Tye,,6,2020,Rajasthan Royals
9.0,75.0,0,0,9,0,3,2024,4,1,Sumit Kumar,,18,2024,Delhi Daredevils
16.47,133.19,2,1,59,0,23,2015,29,4,AP Tare,,313,2010,Mumbai Indians
0.0,0.0,0,0,,0,0,2024,13,0,Suyash Sharma,,0,2023,Kolkata Knight Riders
26.0,133.82,0,1,57,0,9,2024,9,2,Sikandar Raza,,182,2023,Kings XI Punjab
13.71,97.95,0,0,29,0,12,2015,27,5,MA Starc,,96,2014,Royal Challengers Bangalore
12.5,120.48,1,0,26,0,15,2021,39,7,JD Unadkat,,100,2018,Rajasthan Royals
6.0,78.26,2,0,18,0,3,2017,3,0,AP Tare,,18,2017,Delhi Daredevils
19.69,111.3,1,1,55,0,16,2014,16,3,LRPL Taylor,,256,2012,Delhi Daredevils
13.0,144.44,0,0,13,0,1,2024,5,0,AS Tendulkar,,13,2023,Mumbai Indians
34.83,119.81,4,13,100,1,78,2013,78,11,SR Tendulkar,,2334,2008,Mumbai Indians
10.33,119.23,0,0,15,0,3,2008,3,0,T Taibu,,31,2008,Kolkata Knight Riders
23.28,138.72,3,1,70,0,22,2015,29,8,RN ten Doeschate,,326,2011,Kolkata Knight Riders
2.0,133.33,1,0,4,0,2,2010,19,0,VRV Singh,,4,2008,Kings XI Punjab
17.0,115.9,1,0,25,0,6,2022,6,3,OF Smith,,51,2022,Kings XI Punjab
2.66,59.25,3,0,8,0,10,2020,33,4,DW Steyn,,16,2008,Royal Challengers Bangalore
4.0,57.14,1,0,4,0,2,2010,2,1,A Uniyal,,4,2010,Rajasthan Royals
16.33,119.51,0,0,41,0,12,2020,12,0,RV Uthappa,,196,2020,Rajasthan Royals
19.0,116.92,0,0,24,0,9,2019,13,5,R Tewatia,,76,2018,Delhi Daredevils
15.0,137.93,0,0,29,0,10,2022,14,2,SN Thakur,,120,2022,Delhi Daredevils
19.5,73.58,0,0,30,0,4,2008,6,2,DJ Thornely,,39,2008,Mumbai Indians
0.0,0.0,0,0,,0,0,2024,7,0,N Thushara,,0,2024,Mumbai Indians
14.12,161.42,2,1,68,0,10,2023,11,2,SN Thakur,,113,2023,Kolkata Knight Riders
29.47,111.7,5,4,75,0,49,2013,54,15,MK Tiwary,,1002,2010,Kolkata Knight Riders
0.0,200.0,0,0,4,0,1,2010,3,1,RS Sodhi,,4,2010,Kings XI Punjab
11.9,117.82,2,0,43,0,10,2010,11,0,S Sohal,,119,2008,Kings XI Punjab
52.75,135.25,2,0,46,0,10,2019,10,6,MP Stoinis,,211,2019,Royal Challengers Bangalore
18.5,176.19,1,0,15,0,5,2024,7,3,Swapnil Singh,,37,2024,Royal Challengers Bangalore
3.0,50.0,0,0,5,0,2,2009,2,0,PC Valthaty,,6,2009,Rajasthan Royals
26.83,118.38,2,1,61,0,19,2015,24,7,MK Tiwary,,322,2008,Delhi Daredevils
39.86,146.32,1,6,84,0,38,2024,38,9,NT Tilak Varma,,1156,2022,Mumbai Indians
29.12,129.76,1,5,61,0,30,2021,36,5,SS Tiwary,,728,2008,Mumbai Indians
4.0,50.0,0,0,4,0,1,2022,1,0,A Tomar,,4,2022,Kolkata Knight Riders
26.12,135.12,0,3,81,0,27,2021,28,3,RA Tripathi,,627,2020,Kolkata Knight Riders
3.0,42.85,0,0,2,0,4,2018,6,3,BB Sran,,3,2018,Kings XI Punjab
32.0,76.19,1,0,15,0,8,2010,28,7,S Sreesanth,,32,2008,Kings XI Punjab
14.5,111.53,0,0,13,0,5,2013,11,3,J Syed Mohammad,,29,2011,Royal Challengers Bangalore
11.0,91.66,0,0,12,0,3,2022,3,1,HE van der Dussen,,22,2022,Rajasthan Royals
45.25,126.57,0,0,45,0,7,2010,9,3,AC Voges,,181,2010,Rajasthan Royals
0.0,139.74,0,0,28,0,6,2015,7,6,SS Tiwary,,109,2015,Delhi Daredevils
19.66,159.45,0,0,19,0,5,2022,5,2,JD Unadkat,,59,2022,Mumbai Indians
35.55,114.69,0,0,48,0,14,2008,14,5,RV Uthappa,,320,2008,Mumbai Indians
13.0,205.26,0,0,24,0,4,2008,6,1,Umar Gul,,39,2008,Kolkata Knight Riders
0.0,0.0,0,0,,0,0,2016,12,0,JD Unadkat,,0,2010,Kolkata Knight Riders
5.0,100.0,1,0,3,0,4,2011,14,3,SJ Srivastava,,5,2010,Kings XI Punjab
8.0,72.72,0,0,7,0,3,2009,7,2,TM Srivastava,,8,2008,Kings XI Punjab
20.8,114.28,2,0,45,0,5,2014,5,0,YV Takawale,,104,2014,Royal Challengers Bangalore
10.5,107.69,0,0,14,0,4,2021,4,0,M Vohra,,42,2021,Rajasthan Royals
1.0,16.66,1,0,1,0,2,2015,10,1,JD Unadkat,,1,2014,Delhi Daredevils
6.5,92.85,1,0,12,0,5,2017,17,3,R Vinay Kumar,,13,2015,Mumbai Indians
30.48,136.25,4,16,87,0,84,2019,86,4,RV Uthappa,,2439,2014,Kolkata Knight Riders
55.66,126.51,1,1,74,0,5,2009,5,2,MN van Wyk,,167,2009,Kolkata Knight Riders
23.81,125.96,1,1,52,0,15,2018,19,4,MP Stoinis,,262,2016,Kings XI Punjab
10.75,138.7,0,0,20,0,5,2011,6,1,Sunny Singh,,43,2011,Kings XI Punjab
30.41,142.03,1,2,81,0,22,2010,22,5,LRPL Taylor,,517,2008,Royal Challengers Bangalore
24.35,104.95,0,1,52,0,30,2013,40,10,SS Tiwary,,487,2011,Royal Challengers Bangalore
0.0,0.0,0,0,,0,0,2010,1,0,SB Wagh,,0,2010,Rajasthan Royals
9.9,92.52,7,0,34,0,29,2011,55,9,SK Warne,,198,2008,Rajasthan Royals
18.0,87.8,0,0,14,0,6,2013,10,4,RE van der Merwe,,36,2011,Delhi Daredevils
26.0,115.27,0,1,60,0,21,2013,25,3,Y Venugopal Rao,,468,2011,Delhi Daredevils
12.33,119.35,0,0,30,0,3,2023,3,0,Vishnu Vinod,,37,2023,Mumbai Indians
23.33,140.0,1,2,64,0,16,2024,20,1,N Wadhera,,350,2023,Mumbai Indians
6.25,54.34,1,0,10,0,12,2024,70,8,CV Varun,,25,2020,Kolkata Knight Riders
5.0,111.11,1,0,6,0,5,2018,11,3,R Vinay Kumar,,10,2014,Kolkata Knight Riders
4.0,60.0,1,0,10,0,3,2017,5,0,Swapnil Singh,,12,2016,Kings XI Punjab
27.44,147.02,1,2,66,0,9,2024,9,0,A Taide,,247,2023,Kings XI Punjab
0.0,50.0,0,0,3,0,1,2024,5,1,RJW Topley,,3,2023,Royal Challengers Bangalore
5.0,136.36,1,0,10,0,4,2020,10,1,I Udana,,15,2020,Royal Challengers Bangalore
36.49,141.27,2,14,104,2,76,2015,78,11,SR Watson,,2372,2008,Rajasthan Royals
0.0,0.0,0,0,0,0,1,2023,3,1,K Yadav,,0,2021,Rajasthan Royals
22.33,113.55,0,0,29,0,7,2010,12,4,DL Vettori,,67,2008,Delhi Daredevils
2.0,50.0,0,0,2,0,2,2019,2,0,GH Vihari,,4,2019,Delhi Daredevils
0.0,300.0,0,0,9,0,1,2024,2,1,L Wood,,9,2024,Mumbai Indians
21.0,190.9,0,0,12,0,3,2023,3,2,D Wiese,,21,2023,Kolkata Knight Riders
11.5,97.87,0,0,18,0,7,2017,13,3,CR Woakes,,46,2017,Kolkata Knight Riders
19.0,172.72,0,0,15,0,2,2017,3,1,R Tewatia,,19,2017,Kings XI Punjab
0.0,116.66,0,0,7,0,1,2015,1,1,SN Thakur,,7,2015,Kings XI Punjab
0.0,100.0,0,0,1,0,2,2013,13,2,JD Unadkat,,2,2013,Royal Challengers Bangalore
23.86,141.49,1,4,68,0,27,2010,31,4,RV Uthappa,,549,2009,Royal Challengers Bangalore
17.0,124.08,1,0,34,0,17,2014,25,7,DH Yagnik,,170,2011,Rajasthan Royals
3.0,42.85,0,0,3,0,1,2008,1,0,Younis Khan,,3,2008,Rajasthan Royals
18.81,107.81,1,1,52,0,11,2014,11,0,M Vijay,,207,2014,Delhi Daredevils
7.33,66.66,0,0,11,0,3,2011,3,0,MS Wade,,22,2011,Delhi Daredevils
17.0,130.76,0,0,23,0,3,2021,9,1,J Yadav,,34,2019,Mumbai Indians
22.51,131.88,1,1,60,0,41,2017,54,14,SA Yadav,,608,2014,Kolkata Knight Riders
13.77,131.91,3,0,24,0,23,2023,67,14,UT Yadav,,124,2014,Kolkata Knight Riders
1.0,40.0,1,0,2,0,2,2010,7,0,J Theron,,2,2010,Kings XI Punjab
15.66,106.81,0,0,35,0,4,2018,5,1,MK Tiwary,,47,2018,Kings XI Punjab
13.66,123.0,0,0,35,0,9,2010,11,0,RE van der Merwe,,123,2009,Royal Challengers Bangalore
9.0,112.5,1,0,14,0,3,2011,3,1,JJ van der Wath,,18,2011,Royal Challengers Bangalore
3.33,62.5,0,0,7,0,3,2023,6,0,A Zampa,,10,2023,Rajasthan Royals
31.49,135.54,8,22,109,2,89,2024,89,8,DA Warner,,2551,2009,Delhi Daredevils
0.0,50.0,0,0,1,0,1,2024,2,1,LB Williams,,1,2024,Delhi Daredevils
35.12,148.4,9,23,103,2,94,2024,96,9,SA Yadav,,2986,2012,Mumbai Indians
2.0,100.0,0,0,2,0,1,2008,2,0,VS Yeligati,,2,2008,Mumbai Indians
11.75,71.21,0,0,20,0,4,2009,8,0,Yashpal Singh,,47,2009,Kolkata Knight Riders
5.33,80.0,2,0,14,0,9,2019,20,3,AJ Tye,,32,2018,Kings XI Punjab
10.8,100.0,1,0,20,0,10,2012,22,5,DL Vettori,,54,2011,Royal Challengers Bangalore
0.0,136.36,0,0,15,0,1,2021,3,1,CR Woakes,,15,2021,Delhi Daredevils
24.5,130.66,0,1,53,0,4,2019,4,0,Yuvraj Singh,,98,2019,Mumbai Indians
24.95,122.9,1,2,120,1,21,2013,21,1,PC Valthaty,,499,2011,Kings XI Punjab
13.16,116.17,2,0,26,0,29,2013,64,11,R Vinay Kumar,,237,2008,Royal Challengers Bangalore
6.33,73.07,0,0,9,0,3,2017,3,0,Vishnu Vinod,,19,2017,Royal Challengers Bangalore
3.0,60.0,0,0,5,0,2,2017,10,0,J Yadav,,6,2015,Delhi Daredevils
19.06,105.17,1,0,48,0,21,2024,27,5,Lalit Yadav,,305,2021,Delhi Daredevils
0.0,0.0,0,0,,0,0,2019,1,0,CV Varun,,0,2019,Kings XI Punjab
29.33,118.91,1,5,89,0,25,2016,25,1,M Vijay,,704,2015,Kings XI Punjab
13.75,117.02,1,0,45,0,4,2018,4,0,M Vohra,,55,2018,Royal Challengers Bangalore
7.0,116.66,2,0,13,0,4,2024,11,2,V Vyshak,,14,2023,Royal Challengers Bangalore
11.0,81.48,2,0,12,0,14,2013,47,10,UT Yadav,,44,2010,Delhi Daredevils
19.07,118.09,1,2,57,0,13,2015,14,0,Yuvraj Singh,,248,2015,Delhi Daredevils
1.5,42.85,1,0,2,0,3,2019,6,1,GC Viljoen,,3,2019,Kings XI Punjab
24.53,132.73,2,3,95,0,41,2017,45,2,M Vohra,,957,2013,Kings XI Punjab
13.86,113.66,1,0,35,0,21,2021,31,6,Washington Sundar,,208,2018,Royal Challengers Bangalore
22.3,127.86,0,3,58,0,48,2018,51,5,Yuvraj Singh,,959,2008,Kings XI Punjab
13.15,117.92,1,0,36,0,22,2017,24,3,SR Watson,,250,2016,Royal Challengers Bangalore
18.0,120.0,1,0,31,0,13,2010,15,4,CL White,,162,2008,Royal Challengers Bangalore
31.75,141.11,0,0,47,0,8,2016,15,4,D Wiese,,127,2015,Royal Challengers Bangalore
26.5,85.48,1,0,20,0,5,2023,8,3,DJ Willey,,53,2022,Royal Challengers Bangalore
8.5,89.47,0,0,11,0,4,2018,5,2,CR Woakes,,17,2018,Royal Challengers Bangalore
4.0,73.68,3,0,14,0,13,2020,27,6,UT Yadav,,28,2018,Royal Challengers Bangalore
0.0,0.0,0,0,,0,0,2024,14,0,Yash Dayal,,0,2024,Royal Challengers Bangalore
34.18,135.25,1,3,83,0,14,2014,14,3,Yuvraj Singh,,376,2014,Royal Challengers Bangalore
0.0,0.0,0,0,,0,0,2020,3,0,A Zampa,,0,2020,Royal Challengers Bangalore
14.5,111.53,0,0,16,0,2,2014,3,0,VH Zol,,29,2014,Royal Challengers Bangalore
